-- phpMyAdmin SQL Dump
-- version 5.2.0
-- https://www.phpmyadmin.net/
--
-- Host: 127.0.0.1:3306
-- Generation Time: Jul 20, 2023 at 01:48 PM
-- Server version: 8.0.31
-- PHP Version: 8.0.26

SET SQL_MODE = "NO_AUTO_VALUE_ON_ZERO";
START TRANSACTION;
SET time_zone = "+00:00";


/*!40101 SET @OLD_CHARACTER_SET_CLIENT=@@CHARACTER_SET_CLIENT */;
/*!40101 SET @OLD_CHARACTER_SET_RESULTS=@@CHARACTER_SET_RESULTS */;
/*!40101 SET @OLD_COLLATION_CONNECTION=@@COLLATION_CONNECTION */;
/*!40101 SET NAMES utf8mb4 */;

--
-- Database: `furnituresweb`
--

-- --------------------------------------------------------

--
-- Table structure for table `cart`
--

DROP TABLE IF EXISTS `cart`;
CREATE TABLE IF NOT EXISTS `cart` (
  `CustomerId` longtext NOT NULL,
  `ProductId` int NOT NULL,
  `Quantity` int DEFAULT NULL
) ENGINE=InnoDB DEFAULT CHARSET=utf8mb4 COLLATE=utf8mb4_0900_ai_ci;

--
-- Dumping data for table `cart`
--

INSERT INTO `cart` (`CustomerId`, `ProductId`, `Quantity`) VALUES
('1', 1, 1),
('1', 2, 2),
('2', 3, 1),
('2', 1, 1),
('2', 1, 1),
('2', 6, 4),
('63e3adc9d2d5589da11012ee', 2, 3),
('63e3adc9d2d5589da11012ee', 1, 3);

-- --------------------------------------------------------

--
-- Table structure for table `categories`
--

DROP TABLE IF EXISTS `categories`;
CREATE TABLE IF NOT EXISTS `categories` (
  `CategoryId` int NOT NULL,
  `CategoryName` varchar(45) NOT NULL,
  `Imgurll` longtext,
  `catdesc` longtext,
  PRIMARY KEY (`CategoryId`)
) ENGINE=InnoDB DEFAULT CHARSET=utf8mb4 COLLATE=utf8mb4_0900_ai_ci;

--
-- Dumping data for table `categories`
--

INSERT INTO `categories` (`CategoryId`, `CategoryName`, `Imgurll`, `catdesc`) VALUES
(1, 'Sofa', 'https://wakefitdev.gumlet.io/img/sofa-sets/lifestyle/WSFABLZN3FVBL.jpg?w=732', 'A sofa is designed to provide comfort and relaxation, with plush cushions, soft fabrics, and ergonomic shapes that allow you to sink in and relax.The appearance of a sofa can greatly enhance the aesthetic of a room, with various styles and colors to choose from to match your personal taste and home decor.A well-made sofa can become a focal point of a room, making it a great investment in both comfort and style.'),
(2, 'Chair', 'https://images.woodenstreet.de/image/cache/data%2Fchina-furniture%2Fcarolina-lounge-chair-brown%2Fbrown%2FCream%2F1-810x702.jpg', 'Chairs are an essential piece of furniture that can add both comfort and style to any room in your home. There is a wide variety of chairs to choose from, including armchairs, rocking chairs, recliners, and dining chairs, to suit different needs and preferences. A well-designed chair can serve as a statement piece in a room, complementing your existing decor and creating a cohesive look. Whether used for relaxation, dining, or as a functional piece of office furniture, chairs play an important role in adding comfort and style to any space, making your home feel complete and inviting.'),
(3, 'Cupboard', 'https://i.pinimg.com/564x/53/9e/eb/539eeb9cdbddd768d5de1cda34d87fa3.jpg', 'These cupboards are made from high-quality materials, ensuring both durability and style.With ample storage space, these cupboards are the perfect solution for keeping your room organized and clutter-free. The sleek and stylish design of these cupboards will complement any room in your home, adding both form and function to your space. Whether you\'re looking to create additional storage or simply enhance the look of your room, these cupboards are an excellent choice that will help increase the overall beauty and organization of your home.'),
(4, 'Bed', 'https://images.unsplash.com/photo-1505693416388-ac5ce068fe85?ixlib=rb-4.0.3&ixid=MnwxMjA3fDB8MHxzZWFyY2h8M3x8YmVkfGVufDB8fDB8fA%3D%3D&w=1000&q=80', 'We are offering comfortable and stylish beds that will provide you with a good night\'s sleep.With a range of styles and designs to choose from, including modern, traditional, and minimalist, you can find the perfect bed to match your personal taste and home decor. Whether you\'re looking for a bed for your guest room, master bedroom, or child\'s room, these beds offer a combination of comfort, style, and quality that will help transform your space into a peaceful and inviting retreat.'),
(5, 'Table', 'https://assets.nickscali.com/media/catalog/product/cache/cbdcdb92c76a5919d24cc3e60ff4de09/b/y/byron_dt_1920x1200.jpg', 'Tables can add both style and functionality to any room in your house, serving as both a decorative and practical piece of furniture. By choosing a table that complements your existing home decor, you can create a cohesive and stylish look throughout your space.'),
(6, '', 'http://res.cloudinary.com/dmo0izije/image/upload/v1676359531/furniture/irnlbhkwiaww47juw1g5.jpg', '');

-- --------------------------------------------------------

--
-- Table structure for table `images`
--

DROP TABLE IF EXISTS `images`;
CREATE TABLE IF NOT EXISTS `images` (
  `idimages` int NOT NULL AUTO_INCREMENT,
  `ProductId` int NOT NULL,
  `url` longtext NOT NULL,
  PRIMARY KEY (`idimages`)
) ENGINE=InnoDB AUTO_INCREMENT=16 DEFAULT CHARSET=utf8mb4 COLLATE=utf8mb4_0900_ai_ci;

--
-- Dumping data for table `images`
--

INSERT INTO `images` (`idimages`, `ProductId`, `url`) VALUES
(1, 1, 'https://ii1.pepperfry.com/media/catalog/product/a/l/800x880/all-steel-royal-mid-back-ergonomic-chair-in-black-colour-by-star-india-all-steel-royal-mid-back-ergo-af1uni.jpg'),
(2, 1, 'https://ii1.pepperfry.com/media/catalog/product/r/o/494x544/royal-ergonomic-chair-in-black-by-star-india-royal-ergonomic-chair-in-black-by-star-india-tsgfqr.jpg'),
(3, 1, 'https://ii1.pepperfry.com/media/catalog/product/r/o/800x880/royal-ergonomic-chairs-in-black-by-star-india-royal-ergonomic-chairs-in-black-by-star-india-6rxfcg.jpg'),
(4, 1, 'https://ii1.pepperfry.com/media/catalog/product/r/o/800x880/royal-ergonomic-chairs-in-black-by-star-india-royal-ergonomic-chairs-in-black-by-star-india-ctpwl3.jpg'),
(5, 1, 'https://ii1.pepperfry.com/media/catalog/product/r/o/800x880/royal-ergonomic-chairs-in-black-by-star-india-royal-ergonomic-chairs-in-black-by-star-india-rnjngh.jpg'),
(6, 2, 'https://ii1.pepperfry.com/media/catalog/product/a/z/568x284/azalea-velvet-3-seater-sofa-in-teal-blue-colour-by-casacraft-azalea-velvet-3-seater-sofa-in-teal-blu-6k71ld.jpg'),
(7, 2, 'https://ii1.pepperfry.com/media/catalog/product/a/z/568x284/azalea-3-seater-sofa-in-teal-colour--amberville-by-pepperfry-azalea-3-seater-sofa-in-teal-colour--am-fr9tee.jpg'),
(8, 2, 'https://ii1.pepperfry.com/media/catalog/product/a/z/568x284/azalea-3-seater-sofa-in-teal-colour--amberville-by-pepperfry-azalea-3-seater-sofa-in-teal-colour--am-maxshk.jpg'),
(9, 2, 'https://ii1.pepperfry.com/media/catalog/product/a/z/568x284/azalea-3-seater-sofa-in-teal-colour--amberville-by-pepperfry-azalea-3-seater-sofa-in-teal-colour--am-b93h1h.jpg'),
(10, 6, 'https://ii1.pepperfry.com/media/catalog/product/a/r/568x284/armando--2-seater-sofa-in-ash-grey--colour-armando--2-seater-sofa-in-ash-grey--colour-bwcshs.jpg'),
(11, 6, 'https://ii1.pepperfry.com/media/catalog/product/a/r/568x284/armando--2-seater-sofa-in-ash-grey--colour-armando--2-seater-sofa-in-ash-grey--colour-qvgqxs.jpg'),
(12, 6, 'https://ii1.pepperfry.com/media/catalog/product/a/r/568x284/armando--2-seater-sofa-in-ash-grey--colour-armando--2-seater-sofa-in-ash-grey--colour-fze5ls.jpg'),
(13, 5, 'https://ii1.pepperfry.com/media/catalog/product/n/e/568x284/nelson-two-seater-by-elizan-nelson-two-seater-by-elizan-b9zbnm.jpg'),
(14, 5, 'https://ii1.pepperfry.com/media/catalog/product/n/e/568x284/nelson-two-seater-by-elizan-nelson-two-seater-by-elizan-hv1c1q.jpg'),
(15, 5, 'https://ii1.pepperfry.com/media/catalog/product/n/e/568x284/nelson-two-seater-by-elizan-nelson-two-seater-by-elizan-uwcmzv.jpg');

-- --------------------------------------------------------

--
-- Table structure for table `orders`
--

DROP TABLE IF EXISTS `orders`;
CREATE TABLE IF NOT EXISTS `orders` (
  `idOrders` int NOT NULL AUTO_INCREMENT,
  `customerId` varchar(45) DEFAULT NULL,
  `ProductId` int DEFAULT NULL,
  `quantity` int DEFAULT NULL,
  PRIMARY KEY (`idOrders`)
) ENGINE=InnoDB DEFAULT CHARSET=utf8mb4 COLLATE=utf8mb4_0900_ai_ci;

-- --------------------------------------------------------

--
-- Table structure for table `product`
--

DROP TABLE IF EXISTS `product`;
CREATE TABLE IF NOT EXISTS `product` (
  `ProductId` int NOT NULL,
  `ProductName` varchar(45) NOT NULL,
  `Desc` varchar(45) NOT NULL,
  `Cost` int NOT NULL,
  `Dimensions` varchar(45) NOT NULL,
  `Category_Id` int DEFAULT NULL,
  `Img` longtext,
  `quantitysold` int DEFAULT NULL,
  PRIMARY KEY (`ProductId`),
  KEY `Category_id_idx` (`Category_Id`)
) ENGINE=InnoDB DEFAULT CHARSET=utf8mb4 COLLATE=utf8mb4_0900_ai_ci;

--
-- Dumping data for table `product`
--

INSERT INTO `product` (`ProductId`, `ProductName`, `Desc`, `Cost`, `Dimensions`, `Category_Id`, `Img`, `quantitysold`) VALUES
(1, 'StellChair', 'a very good steel chair', 10000, '12 34 45', 2, 'data:image/jpeg;base64,/9j/4AAQSkZJRgABAQAAAQABAAD/2wCEAAoHCBYWFRgWFhUYGRgaFRgcHBwaHRkjHR8aGB0cGhwYHBogIy4lHh4rIRgYJzgmKy8xNTU1GiQ7QDs0Py40NTEBDAwMEA8QHxISGjQhISE4MTE0NDE0MTQ0NDExNDQ0MTExMTQ0MTExNDQ0NDQ0NDE0NDQ0NDE0NDExNDQxNDExP//AABEIAOEA4QMBIgACEQEDEQH/xAAbAAEAAgMBAQAAAAAAAAAAAAAABQYDBAcCAf/EAE8QAAIBAgMDBwcJBAYHCQAAAAECAAMRBBIhBQYxIkFRYXGBkQcTMpKhscEUQlJicoKistEVM0PSI0RTY5PCFhckVHOD8TRkdJSjw+Hi8P/EABYBAQEBAAAAAAAAAAAAAAAAAAABAv/EAB0RAQEAAwEAAwEAAAAAAAAAAAABESExAkFRgWH/2gAMAwEAAhEDEQA/AOzREQEREBERAREQEREBERARNTF4+nSF6jqvQCdT2Die4SsbnbRr4ipXeo7FfPMiLplCoqNYAc584NeNlgXKJWd8ttVcLTWpTCkBlzBlY3VnVDYgi1i6nr1k/hawdFYcGUHxHCBniIgIiICIiAiIgIiICIiAiIgIiICIiAiIgV3b1Sr52kKRfkhnZEKjPl4ISxAANufmvwm8uLxB/q9vvp8GmptXEFK11RnYU0IReLZmdTbszAnqm2m0ah44eoO9fhKPjYrE82HX11ms+KxxPJw9FR0vVJ9ip8ZsPtKqOGGc/eX4zA+16/Ngqh++gkBPl59L5Mn2TUJ8SLeyfRszENpUxTW6Ka5COxwRcdoinjcY39WCfadG9isJ6bDYtxyqqU/sLm/MAR3GUa2K2Rh8PSqVMmZwjHM1iSwU204Xv0Ca24lEpRCsOVlLMet3ddexaSazDvDsunRoNVqPUqMCozOxNgSM1h9m/G9pLbr0ctKx4gU1PalNA34s/jHwMe+NIPh3Ui90e32kXzy+2kJG7v7I85hqdWlVelUK2YqSVLKSpLJfXhwvaWLa9MFBfgHS/YzBG/CzSrbq4Wu1ImniCjK1mQgMpYgM3G+U5mYGw5o+ETw+WoONOqBz8HPdyVE8/tbEKOVg3+46MfAae0z0mKxaenQR+um1h4G7E90+NvAF9KhXHXkNvbYnwhXld4TwbCYof8u48bzYXbQP8Gv6lveZrjerDdLDtRhM6bw4c8H9hgZG2sB/Cq+pf3GaOA2rUfEshyikykoCrLUBWwYNc2Ot+HSOBBm623KI+d4WPxmlh8fTrV0dGDBXamepgrMVPXZkNusQLDERIEREBERAREQEREBERAREQK5tHFebxOfK72pBbIrMbl1sMqgnp1tpz6XM312uLa0aw7Ub4zWx2JWlVLtmNyqAKLknkvbssrceiZht6nzrUXtWUfG26o/g1+5L+4zA28yD+r4r/Cb9ZnbePDjizeq36TC29uFBt5zXsMAN4C3o4bE/eRgPFc1p9bHYxhyMOiHpqPcd4Fm9k+DeigfRzOehcl/awn39usfQw1Zj9YZR6wBX2yCG3iw9coqV6isKrBQiLYKSyoDm0Lauo1HPLLsUDzQYcHao47Kjsy/hIla2vjajFGq0gjBuSuYMeQj1wcw6WoqPCW3A0MlNE+gir6oA+Et4MW16ZahVA4+be3aASPaBKtsarVp1K4oItQNVaoVLWOViWGUk24MPES7WlH2TiVoOxKuxVEVgou1gDQ0FxfXC3icE4u8GX97Qq07cSQMvrEi/dPaby4Y8Kv4Wt4gW9sUd5cO2mcqfosrX9gMz1MfhmF2elb65UfmgeV2/hj/Hp95t75mXa9A8KqHsM11OCPD5Mezzc9D5IOHycf4cgzNtaiONQe39JFtjqdTE0TTcNY1AbdOVBY9B1Mk/lOHHzqQ70mizI9VGplTlYXy2HpZQCR238DKJ6IiQIiICIiAiIgIiICIiAiIgQOLx1KhVapVcIGdEUnnbI7ZR12UzOu8OHOnnLHsb4CfKuJp06jPUdVzEKuY8SA9wo4k2F9OYTMNq4dhrVp2+sQPzSh+3MP8A2q+39J6/bOH/ALen66zz5rCv82g3dTM8jY+E/wB3w/8Ah0/0gZW2tQH8VO43901au8mGGnnLnoCt7yLTYTZOGXhQojsRB8JnDUkGhRB90SCnbXxQq1qOW4FRrAEa2aph0IIv9BcR3Xl7lBp/0m1kUXIpoWbovldx7cWPVEv0tCUlauXG1AbAKzG/1VahVBP/AJmv4GXaUPeFcm06WtlrUgp62tVp28alI/diC3fKKFQWzUnHRdW9k8HY+HJv5ilfpCKD4gTEdh4dlB80ouB6JZeP2SJhbdbD8yEdjH43kGy2wcMdTQpntUGexsrDqP3VMD7KiR53Rwx5n7nYfltMlHdfDL8xiek1Kl/Y0DabD4YalKHaQnvM0moUQytQFMXqJn82Es1s1s2XiRzXm4uxMOP4YP2mY+8ma9XZ1JHz00VWZkDlRqwTOVv2EnxMom4iJAiIgIiICIiAiIgIiICIiBEf0Zcmpl0ZwM1rcRwvz6e+bXyKg38OmexVkHTSlXxHm3XMUFduJtq1Pjbns3/7SSB3bw/EIyn6ruPZmt7JRkq7vYZuNBL9IFj4ia/+ieEvfzR/xKvuzTzU3bHzMViU+w6fFDPS7FcDTFVj1sST35SojP8AR7/0Zw39mfXf+afKu7+GVSRT1ANrs515uLTx+x6/Ni271b+eYzg69Mh3xWdAeUpS2Ya/OzG1uPDW1oERugufHYyr9FjT7g5QH1aCy8SoeTul/QVHI5T1dT02VWJ9Z3lvi9SEo/lHGT5NiP7OqSe7LUA/9Iy8St7+4YPg3v8ANZT4nJ7nMk6rOuxi12XE11BZuSGGUanQC17d89HYtT/eqveW+DCaWBxWLenTailEqaVNmLs4bOygsLAEZeGt+N+ibebH/Rw3jU99jKD7BqH+uYhfst/NeBu79LFYtu2oLeAWeiMf/wB2HXmf3ZPjPHyPHNxxNJOpaWb2lhIMp3coH0gz/aY6+Fpi/ZVLDktSVlutiC1RlIU6WDMQpGY8LXvrwEyDZFY+ni36/Nrkv13LMR4zQxODFBxevVcPTeyVGDDMrJylNs17MRqT1W1vRaonlOA7J6kCIiAiIgIiICIiAiRW0N4MNQJFSuisOK3u/qLdvZIHFeUXCL6K1X+ygA/EQfZAucTndbymC/IwxI6WqAHwCn3zWPlJqnhh6Y7XY/AS4Exu4WOPrkrYZXynmIJoX77g+yXScvp7bqUCcQoRmcG6tfKocKSBbXig4z3/AKxq440aXi8XY6dE5snlIqc+GQ9lRh/kM38N5RqZ9PD1F+wyt78smBeZXN98WaeGJUXJzAd6MB7SJsbJ3mw2IOWnU5dr5WVlJ5za4s33SZDeUnEZaKC3zg2v1alL4MfCWdEtuXRy4On0k1Ceu7tY+FpPyL3bH+yYfpNCmT2soJ9pkpJehIzeOlmwtcc/mXI7VUke0CScx1kurL0gjxFoFW3DxuekVPFLKe5nHhoJbZzzyaYkMagsRfXj9FKN/a58TL7iMSiLmd1ReliAPE6S3qRmiV7Eb44JNPPhj9RXcesoI9sj6nlCwoOi1m6wigfiYSKuEp2/dTK2GOurldPrPR8OnumL/WPh/wCxr+FP+eaO0d4VxZQ00ZcnHzmXUM6HTKTrZD0cZZ0dBo+ivYPdMko9LyiYYAKaVcWAHopzafTm1T8oODPE1E+0hP5SZBbokFht7ME/o4mmPtkp+cCTFGsrC6srDpUgjxEDLERAREQEoXlUx5TDpTStkZqq5wpNzTyv6QGuQsF7bW1FxL7OSeUDYqVaripVam18yuqs90YfORQWyjIq3F7WvoCZYOfLtADQFD0ZHX8rZSD1T0dpqOIcfdb3gWmvjNyMQrFUalVOlglRLm/AgEi9xqJoLu7jVJyUKpPPkBY+CEma/BLja9I/P98y09qUv7RfGQv7Ox6ixw+JA66T/FZqVcHiT6VKrfrRv0jMTa+Yrb1DIAKyGw4XkQ22qX0llcXD4ldfNVB1+bP8szU/lhOiP3pYe0RmG0v+2kJst2PUGJ9gmzReu9slF7Hnfkr3lpq4XZu1WF1SqF5zZQPGeDsHEuQK+JVc2gDVCzHqC315+Euvo2k3rBAS1b+kUBgtInQgjU1OYjQ6dEtnlB2wtZcK6ksPMVc+hGVnahlzjmBKG1+NtJHbvbg0XYFlxWJCi+qeYo5r+jyzna3TYA9MmN/cM2Hw6IxVRVZmZUAyqKeTItyMzWve5PHhM5mVxXTdlJloUl6KSDwUCbk09lNehSPTSpnxUTcmQiIgck8n+LyY+pSzAKKWJLA2sClSiASeYBQZC7c2lVxNZ3zq9ndUS4DKinginQi2W7X5V79knuzhhVrYpERWcPUqqbkPbOEamGvl1B4OCtwLjnEFvBueKb5qWLWnnZstPE56eVvSKrVtkHUCReb1lEZV2nkOVwyHoYEf9Z9TaSN84eya2ITadG4dTUUaC4R1I6rakSLr41z6eDp9Z826n3xozVjTEp0iTeysUADqB3icyOMS9/MJf7T+7NMdTFKeCBewtGYbXvE1BmOo4zW8+PpDxlJGIPQD23/WZPlQt+7Tts36xmfZmrc+NReLqO8TJhtpMrZqJcMeelnB9ZOaUsYtvm2X7KqD4gXm5h9l4qsRlp1X10JDW8TpGly7z5NNu4jEeeSuwYUxTKk5cwz5gVYroRyRbn43J0tfpw7cfYuKw1RS7Bal0VaSsCyljcecAOgIRhrewLHoncZmhERIE57vXhi20sM3MppnvD//ADOhSm7YcfLUzEAKEFzwuz0wNessBLBYMZsTD1f3lCm56Sq34349us16271JmzZqqm1rrUcXA0F9de+R2I29XquaeEpckaedcck810W400PKJtpwM9tu01Uf7RXd7ixUkFT15bBQexfHjINPaGx8ILh8dVQ/+JObptqb21lX24aGHpqaOJxNVCwzku5YZmRLIzAA+kTa5tltzzoNHdnDL8y/DiTzcLWtKd5WcIqYdAiWJdb26qlK1z3ywam7mxkxTDlOqmmr3bMWIb5oYEWNrEkdNtdZcsJufQRswavmIsbVqqggdKqwH6yF8m37jDHpwy37iebul/kytRD7v4dvTph7G4zkvqOflE6zaw+zaKDKlJFHQFFpuxCMaIAAAAAOAHDwnOvLNhy2HRh80OD2OUH6zpEqXlHoq+DcEi4VmtzkBSx0+7LOiY3Wq58FhW+lhqJ8UWS0gNyKmbA0OpCvqsV+En5KERNXaFbJSqP9Gm7eCk/CByzyPEviK1TmK1denNURx7GE6tXoK6lWUMpFiCLyheSXBBKLsBYFmA9Ygjs5E6JLeiuNubg7ELS83e9zTZkOvWtp8/0VQLlWo+X+8VKh8aqtLHEi5UnH7iK9rVFNj8+lS16jkVdOyxlW21uf8nZMwoEMTZhh6bDQXIIdweHbwnX5Wd70BC35kqNwvwUnu4ceqXNI59sXZKYrPTotggyjSo2DpZRojEZWGrWdeP1uiWnZ+49VPSbAt9nBU1/KwvKn5J9npiFqLVUMPSsVU6hKIvZgRwJ1nQhueiXNKo9PW/JNvykAeEqPQ3ZZsuaqqhSDlppZTbpVidOqe6e6VDPndqjte4BchRbhZFsoHUBaY1wOOpehXDjXRwG7NDlY+vPWH3pCuKeJQ0WJsG1KEnhckApf6wt1ybFcoYQU9rqqrlpi5VRooLJdmtzszNcsdTOkym4lANoq3SbX7k/WXKKEREgSi7UBfGVUAzAhRb6VlRivQb5G06QJepQ92285j8U/MuIZB/y0J/8AdUywS+62NRaa0WOV7tlzaZxe+h52AIBXiLdEssg9p7v06pZhyWcDPYAqxFsrMh5JcWADWvbS9pGUcDjaF7VWdQNAoDXPQVqEkD7LDs55Bb5z7ysfu6N+Gdveh+Enf2zUUctqd/oslWmR1EjOL9kqe/20jWog5aV0YEZHZvSZRqGRCvDrvr0SybEvuOtqeHvx82ym31S/D2y8Tm+xtqfJ0pXRWyoT6ag2bNxFiV9Lnkqd9HPoYYMOkO5/JSaLFq6RKr+1sU4BUIAeISm7sO92p29UzW/ZGOq3FTEMFvpchdOgrTVPaW7TGEWHG7Wp08wvmZRdgCOT1uxIVB1sR3yuV8AaoqYhwCbXDZdCW5BVLi4QIWXPYFsx5tDJbO3VpJlLk1ShuqtYIp+ktNQFzfWtfrk5ilujD6p92kCv7i6YYra2Wo1h1MFf/MZZ5V91rrUrJzZabL4up9gTxloihIfep7YStbiyZR98hP8ANJiQG9tS1JF+nVUdyqz/AOQSQVzY+HalSpvTZkUNltmYIWBL2qDguYu4z8PRGku2Dxq1L5bhh6StoynoK/HgeYmYNjYdRQVbAgg3B4HmN/CReP3ba+ahVKjUhGuVUm1zTYEPTOnBWC6kkEyizxKUMXtGjo6hxrqwDADmGdMrfgY9c36W8rW5WHvpeyVEv3LW823sjAssre9Qv3Uqh8VYQm+FD5y1V+5m9tMsD3SN2ztanWLZBVN6TLrSqjUhuN1FhrxOgjFWIDySJlq1Ftb+jva/A2pC34ROrTlXk3rhKlZsjm91siljfkHm4DrPTL7U2wR/AcDpdqKr33csPCPU2iYkRvEE8w5YLmylUuBcuQbKAeN+jovInEbbxT2FCkmpIOW7kD6WZsigdzdltZ6we79Vyr4ioc17tlbMzDSyB7AImlyEVS3Am1wYILBAJVw/OWqKc2uv7pDYkm6gU7KBYAL1zpEoe/Z8yaVRQAqPRFhoMuZ1t4usvctH2IiQeHawJPAC/hKX5PqJymows1Rq1RuHF3Cqe9aYPfLRtknzFQA2LIUU9DPyFPiwmluzhwiELwUIg7EUa/ihU5ERCPMovlQpqMOtgAS3MBrylteXuULyrtahSP8AeD8ymWdGbdmilqDZFu6AscoudCBmPPaw8BLoKSjgoHYBKRsKqFXBA8TRpeLkiXqL0fYiJAnyfYgVnZYyYhQfnJUXvUq3waWWV6oLYgfVrA9zqVP5x4SwwtJAbwm9SkvQrsfFFH5jJ+V3agvXb7FNB2ksx/MkETeCWyIPqL421mxPgE+whMFTDo3pKp7QPfM8QIzEbDwz6vRRu0Su7V2PRR7U0yZUzDKSNdTzc2guOeXSVraZDYhl/uyPwsYWKn5PsDTrtWFRcyiozAEka8kDgRcWY6TodLZVBeFJPAH3zn3kme9St9kHxCfpOnzXrqTj4BbQT1ETIp/lDwmfDPpwpu2nTSZKqj8Blj2TXz0KT/SpI3eVBMwbdpg0wSNAwv2NdSPxTDushXDJTY3NO6HsUnL+ErCpqIiERm2nsgHS1z2KCfzZZ62NTy0V6Wu3rG49lpobefMwQcbBR2ueHsWTiIAABwAAHdCskREITn3le/7NT/4o+B+E6DOfeVn9zSH94JfPRY9h7Mpmjh2ZAWSkgB10y6jThpc+Mnpq7PW1NB0KB4aTakCIiAiIgV/awy1bjnVW71P/ANRJ8GRG2U5dM9OZfcR8Zv4Jr00P1R4gWMK2JAHl4gf8Qn1Bp+ST5Mgtl8qqD9Rm72I/mMET0REIREQEiMRshTVNfM+bKeTcZb5CnRfgenmkvPFTgew+6BzHyTLarih0NbwsPhOoTnHk7TLi8YvRUb2NOjzXrpOPsREyNTaFLPTdRxym3aNR7QJo7BqAhh0hW77ZT7FXxkxK/so5KxToZ1HZ6S+xR4wLDERArC1M+LVSG0ZnNwdMoIW/RwXwlniICIiAlA8py5jhE+liUHjcS/yheUHXEbPXpxSe+Xz0XbC+gvWoPiLzPMGF9BPsL7hM8gREQERECJ3gNqYb6LqfWunvYTNsaqGp6fNZh7cw9jCZ8ZhVqIUcEqbXsSDySGGoN+IE84LBJSBCAi5ubkkk2tfwAgfcc+Wm5+qfEiwkfsOxeoRzZV8Lk+8Te2jhfOoUzFbkajqIPwmLZWz/ADKsMxcs2YmwHzVWwHRyec85gSMREBERATy3A9k9RA53uXptLGL05W9e7fGdEnPd2hl2tih00qJ/AJ0KX10IiJAla2kwTE3v6SK47UNiPBR4mWWa1fCI5DMiMRwLKCR2EwPvyxPpiJlyjoEQPcREBERA+Sh763OOwIAHJqBh3G5/DeXyUbeWx2lhRrpSxLW5uTTWxPYXHjLOi60PRX7I90yzyosAJ6kCIiAiIgIiICIiAiIgIiICIiBz7ZJttipoeVQQdXJVdfh3CdBlDUZdrLw5WGYnp5Fdk06tfdL5LQiIkCIiAiIgIiICIiAlc2jsZnxC1wL5KVZALjXznmrG/NYU2FrfP6pY4gIiICIiAiIgIiICIiAiIgIiICIiBU62zHONp1wpypTxCtofnVqTrYc9wtQ9w6ZbIiAiIgIiICIiAiIgIiICIiAiIgIiICIiAiIgIiICIiAiIgIiICIiAiIgIiICIiB//9k=', 23),
(2, 'Plain Sofa', 'A comfortable sofa', 50000, '12 45 65', 1, 'data:image/jpeg;base64,/9j/4AAQSkZJRgABAQAAAQABAAD/2wCEAAoHCBUWFRgVFRUYGBgaGBgaGhwaGBoaGRgYGhkZGhoYGhocIS4lHB4rHxgYJzgmKy8xNTU1GiQ7QDs0Py40NTEBDAwMEA8QHxISHj0nJSs0NDQ0NDQ0NDQ0NDQ0NDQ0NDQ0NDQ0NDQ0NDQ0NDE0NDQ0NDQ0NDQ0NDY0NDQ0NDU0NP/AABEIANEA8QMBIgACEQEDEQH/xAAbAAABBQEBAAAAAAAAAAAAAAAEAAIDBQYBB//EAEsQAAIAAwQGBgYGCAUCBwEAAAECAAMRBBIhMQVBUWFxkQYiMoGhsRNCUnLB0RQjkrLh8AcVU2KCosLSFiQzQ5NUg0RjZHOE4vE0/8QAGQEAAwEBAQAAAAAAAAAAAAAAAAECAwQF/8QAKREAAgIBBAICAQMFAAAAAAAAAAECERIDITFBE1EEYSIUMnFCY4GRsf/aAAwDAQACEQMRAD8AauUMmZR1MobMOEYmgNYOyffPxgkwJYD1T75+MFkwwAtIdkx6XIQtJRQKgy1qAzK1aLQqy4rTbwjzLSHZPCPS7PZ1eXJZlvXEUqN5QCvInnAA+Vanl/6jvQ0AD3CcwoNVWpxZRUnWIEtvXnOmJuI5phgzLRKA8G3VMQ2mymaiM4eW7LMl0CFxLYusxHa6OyDKShy62qCJs1Ed7QUmM5uSyBLelUahZRSpU4m9sgEQ2O0IXRGr6RUF9c1UsKas2GFcTSuqsCPKqhElnuBHmKSMRODvMKkUoWqCCpxoQDlFjYbHLUvdEsOWZ1YXgTLBDAOD2TWgPPgmtEhCWLIvp6qAj3rwKUv9U4Gg1Gpw1wAKzS5VrlI89CWAN0q7AjGjKKmhqRrh1js8pGX0S+jUslaurl2x6tFJ1KDUHUYdZ7HdRER0YJ1GYMP9RrpC01GhOGeIiYzSXQIqFhMUTqjrqtwm9gaXr1wYjANyYGU6Rn66b73wEaDo05FjlsCcLxNAS1AG7IHaO7XSM90jP1033vgIv+jVTZJQCXqsR2rpQENVwdR1YY4wAGpZ/SBgk8MDdvAk31B7QocUJ3jCp3RC8xGdEVSBLbqEEgXlQhlZNYCkbcTqIrEjWkpMRFvlCyBnZmf/AFDMXtNXJ1T7YiCzSwqB3BQic90kgYu7Sw1Msb64bSOEIAc2mZdlo7FA6PfdVKMpDAq6EdlmqOqRQYndBstBNl1lgMAHRpUxQVJvMWvADBrxoaV1RG0iddRXYNks1QQDe6rB1Jzoymo3mmIxJQXJsxx7MocWoQeOF3lDA7Ldy6q6NLCTFKlSCs2qsLpqL1RW9xXXSM3bz9bM99/vGNSJgvoxdQZjKqhmYs10MxRVLUrmagZCp1UylvP1sz33+8YAK8n68e58Wgu1n6t/cbygEn64e58Wgu1t9W/ut5QAS2A9RPdXyEFiArAeonuL5CC1hoB0D6Q/024QRA+kP9N+EAiP1RwHlGe032TwjQHsjgPIRQabHVPfCbS5AJ/Rs9Jbn/zXHNUA8TGq0USJSnWHmffeMz+j+UFExNQmMRweXKYeDRpNCGqKM6PMrXWb7xDd7oFwB3G9vwEciP0C7Dzb5woBlOrYQxzhCU4Q1zhFDB7AeqffPxgyAbAeq3vn4wbABHNlgihgiXpi1oAqzzQAAC4hoBkMViIxykABydIrYP8AcU8UT4ARIvSi2DXKPFD8GEVwEdpAItk6XWoZpJP8Lj+uJR0xn+tJlngzDzrFKBDgIALr/FxPasiHI9vWMjjLgiX0vWtTZaHaHUnndG084zt2HBYACtJT/Su7gUvmtDmMIstCdIZUmQsl0mEioJUChrsN4GKlcoY6wAaKzaesaKqp6dFRXRR1yAr0JBF41xGBOI1Uib9e2JiCZszBSpDI7BgadoMhBOGcZa4IXoxDA2Kacspu1tJJC3asgDVx69fRijYnKg3R2TpSzhAgtks0UgGYFJvnJ8xljhvMY30Y2Rz0Q2QAbyVa7OzhvpMhgCrKt5BdcBgWU3tYY4aqnHHDL21wZjkGoLvQjIi8cRFYJI2QUggAGJ+uHufEwba1+rf3D5QGB/mB7nzgu3n6p/dPlAA+xHqS/cXyEFqYBsJ6ie4v3RBqmARKID0pNCoa5Hq12E0u13Vw7xBYgHS8sPKehxukYeRGsbs9mMDewAFvnst1V7V0PL2MVHXlniMt53CAbXPWZILrkakbjQYHfgRA0y2GbKMokifLIZDQgvd8mphTbQwJZrUpRyuF83yux8Lw4YE99I4tebrb2jKUjU9GpqoitlVQDvoVQH7CrBMu2mVZmmJQsWcLsvs7Kp4a/wCGMtK0iPRMi43aGm0DGngIm0rpC9IRVPVvGZlj1me7XHeeYiYarUafI1P8Qz0Cf9S/22hRVfSl/J/CFDzfoWaLBGjjnCC7foybIuiat0tUjEGtKVy4iAnOEdpuD2A9VvfPxg2sA6PPVb3z8YMBgAdHYaI6DAA4R0COAx0QAOAhAQgY6IBHQIcBHAY7WAB4hGOAwqwAKOxyOwAKFSOiHokMDktKwQojgjoMIAIn/M/wfOCbefqn90+UB1/zP8Hzgm3n6p/dPlABJYT1E9xfuiDUMA2D/TT3F+6IOSGBKpit02AEL3ijAZ0N1h7L0FKb9UGzA9Ooyg/vKW8mEVekpU8Ixaet2mIEoCvNiYiXHBLM/pO0o9xityYtKMDeRgMusMwfDmIpy/XJXMhiRqvjJhxOcH22wFsUvsTSt2zuq127O8CKm2WZ1FWR1ZcmumhGVGBxjmUG2zJoZom0gFgxugmhJFQqgGuGvM4boPE2iJ1q0ZuqcWr1WAOqgBHfXZFJo+U8xri0BJZmYnBV6qljtps3xLNUpOeXeoEdxeIqaA0U01mlMI0lpXbBxL70Se03L8Y7FV9Xtnfal/KOxj4yKPYv0iphIb/3B9w/AxhnOEeh/pFT6iW2ybTmjf2x520diOpA+j+y3vn4wbe48jACI6VuOVBNcIf6Sd+1aGMMrx5GHA7jyMA35v7Vo7em/tX5wCDwdx5GHCuw8jFfemftX5wqzP2r84ALIV2HkY6Adh5GK2j/ALV+cdo/7R+cAFmAfZPIx0K3styMVd1/2j/ajoR/2j/agAtKH2W5GFdb2W5GKwI3tv8Aajvoz7b/AGjABZ3W9luRhyo3styMViyCfXf7RiRbL++/2jABbJJb2W5GJLjew32TFQLKPbf7Zh4so9p/tmAC09G3sNyMK43sNyMVX0Rfab7ZhCxrtb7TfOACdpLieGKkLcpWmFccImt5+qf3T5RBZ7KFNRe5sYKdaggioOBwgA5o+vo0wPYXyEHpwMVsuyKNR8YnWQmzzhgG13GIbYpZGABJIiMSk2ecIomwQxHT2RwHlGZ0w4Ktuw/PfF5bpwVLykdXGm1RmOXiBGW0pOq8ylKXUYHaKgfHwjKUsRN0Ulhspxdcevcodd8Icd2Ji50VoH64PaAfRk3jMxdSc7pIrdH7z0GMMsEgBUSvWZg5144KOSqTG60Q4S+MlV3WvBjjwph/DGK1MpNEKpFN6NNieEKIfpcv2lhQ9i6R6L+kAf5QkCt2YhpWmdVzofajy4zW9j+cf2x6h03dHsc1CyV6hALCpuurYCuOAMeTejX2RyjZMuqJzMb2B9v/AOsMM47F73/CIklqRUBdmqOejGHZHesUBKbT7n2zHPpX70v7R/ujd9HtGWYp1pCOdrqHP80XqaLswys0j/il/KMvKisWeT/S/wB6X/N/dHfpf7ycn/uj11LHJGUmUOCJ8omSWgyRBwRflB5V6DE8c+mD20+w/wA4QtROTDulsY9oBAyA5CJBMO2Dy/QYnijWhhiSw/7VPNYnRJzCqpNI3SAR9yPYLSxZHG1Wpxph40iKwWgsimpyELzfQYnlS2K0nKTaT/8AHH9sTpoq1H/w9p/4lHmI9YDmEGMHlDE8wTQ1r/6e0ckETjQFtP8AsTv+RF/qj05YcXg8jFR5c2gLaCAZMwVyraBTmGoIIXoxbf2ZHG1fIxu9Iv1AdjKeZu/1QltGGcLyseJhh0YtWtUHG0MYD0ho95IF8pjXATGY4U202xuLfPAGBjz7plNqUauRbxB+NIqM25UDjsHaF0Q1pvXLgu0qXvUxrSlK7Dyie0aAdHuVlM1aUWueBp1qbRBP6OptJTna48FHzgm0zqzK1qS7UHeABGje9CUbRDJ6M2ilfRIONwH70Tp0btHsJzT5xfrNf2PvfOJknNrU+I84dk0Zi26HmSlDvdAJoAKE1oTkBugB0qKEnkPMCLvpZMvsi1agUnPWxA1e7GatksBGIrUDaYoALSSOo6rkjMXwKg7plPBs9sY61Wgi8CKdUpT2Schzy4RvyeoPdHlGI6TSDe6iYnOgGrI4HbuEYT07ZnKNgtltTekONAile+prT5xrdHOZiiSL1zEtQVvYkgbgTiSWxjAygVrXMEVBGJJxqRy8I23R/SSjM0vEmgyAQ33bvQADdGU4U9iUqY7rewnIworP1w3seMKC0XaOocITvDJeUNmGOg2BJ6gih9owG0pQa0356xE858uJgSa+MPocayR7F0cfqiNErRlOjD1RT+6vlGoQxxpmslTJgYcDEaw8Q7IHx0QwQ8QWBIsV2isEA2YcsPhFgsAWBaO67HfxYkeBhPkEWCCJUWOIsSQyRQ1mjpiCc9BBYFdp21XJTYY58iDWPPrV0htKTFl3ySwr1ZascWKjYAtBWtCY2GnGLS390xWdHpsihea0sN1QpmFQaEnBb2/ZGmm0m21YSja5KOTpq0PaBLvXl9I6HqjKWoLVIGFSYgtNlmT5gSYj3PSul64wF1VqCWpShOuN8unrNW4s5C1WFFNTVe0KDWNcD2jpLZmDIJwLksgF1+3Qi7lT4RupK9okY/Zl7LOazWlpEolUaZSnaIvS1ZTVq/vchBunFKS/TIzBg6HBA9CcGoGIr14pNLzx9LqCcHspNM63WqN+axrldOoGK0EyXevUoA0451wyMaOlTolXurC9AWmc0pS7O7EXqsioaHEAquAIrSL+RMfWDyivW0qHe7Sl7CmVNophFpZrQIyu2XWxmulL1mr7g+80Z63H6t/di66W2xfpIQkgiWpyNO0+vbFJaheRgCMRhjDzS2bGtOTVpDCeqOA8ooNLfERfEdUDPAZY6t0UelJbH1TmNR2w8otciwkuUZ23Oov1C4uMa9alyhFNlfKIZUxlSqk4m4RUClQFPdiwMWOkLMGvqR2nXXQ1u5ihpWsB2LRLz53okNGvMZjEEBCNZXbnrxJpXXGVWZzi8ia5M2p4woM/w+P2z8hHIz8bIwY9coHntSHpNWmBB74Etr4GNzpBS16mNMTnC+hscQa/ndWB5yEVNca4U2QPI0g6nMNuYA+OfjCWT4ZtUI8o9V6J2i6iKxoQAN2G+NtKcEVBB4R5P0f0vMcKAqA5YgEYd1RGvFptKYmzXx7Utsfs4mOJ5RdNG0oxluma9YeIxll6XJeuvfltrWYpB54we/TCzr23HcrnyBirfoyelLo0whyxW6H0xKtKs0okhSAaimJrt4RaoIZm006Y9EgSWtJ7jaVPNF+IMHrSAZzAT+KIfFx8oGJFgI6YgM9RrEMNsT2h5wZIVBJgC0tWOzbWclVzwRj4gQG/pTlKfkB5kQNjRX6WHUbgYwVuspkPIMyT6RjLDC6LxTrk1PMZRt9L2O2PLZZdnJYjCrywPvRi+kWjtJ2hla0aPL+jDBPRla3WoaMFdqnAZb410NnbJnwAF/RWkFjQeld9tVmgXT4HlEYmE2kKubWmWRxc08yIbO6P6QmlKWV0Cii33CsBWoHWOrGnGCZXQ3SfpFmLIWquji9MXNGDLWnCOryL2ZYsu7V0UtTzWcXACZZrfx6merZGimaGmMk1XuUdRhUmt3GmXGATM01qscjf9Zzp1oKSfpUgA2GWAQQ1Z6HdgKjVGXkl3ReMRWC2JgFuqAqqAWoQFUClCMKUi8s9pHtL9v8ACMnY+hdpNKN9Hoqi61JoYitWBD1GrAxaSOjNqTO0S2/7bD+sxEpU9ilujnSGXSYHBqHFcycRgfCnOKO2nqNwjWTtDznS4zISDVTRhQ68ccKfCKa39HrTcYKgckeqw/qpGkZRa3Jdp7FHOUXKgUN0eUNt60AK4VTrZ4k5mCrbYpiIL6OmAFSpA1a8oCtsyqncGHcK/KOfWSyVHb8ZvFtlPb0661GDKlaiuthlTcY02hAqTrSqgKuoBQAMoxq2/wBIVBIqtBh7KliMf4jGt0Y6PMtCK2DqDUNmBcOG2Gpb/Zy5RlZV+mX2hCiL6O/tDl+MKNbZGxVWToOW7dplLiOwrPvz6oyxh+m9FSrPLCozuSQSz0GYOCgZDAHM5xbvairE4g0Fch1aCvWin07MvJe/fAzr6rHHy7oxjqTlJW9jfxxim0VVpXqMfz+cYpWi+wYqhyZ1B4A1OW4ReHo1ZXFAzS243lrTUScuMbQeK3HrbugbonMQL1mAIbWdRVceZMenWG0syi6jnfdIHcTQGMNYdCmzOfrFaq4YEEBMTjSlesuyLuyaVcUIbA+Uc+o/ysrG0XHSlJhsk1mQCiggkqSOsuIoTGCRwyF6U6pPeBGr0xpgvZpiNrUfeWMraFpLY1wqfE/iYz5o30VUWab9FtnJW0da71peqtcH3x6ELOAKmY38o+EYH9F87qT9XWTyeN2/WFOHga/CNGrZzan7mSCXLP8AuP8AaHwECPouR6T0rTZhNAtGmEJQEkAAU2nXA36ll0pQUpT1v7ocNGSQtwlQCakVOeOu9X1jzhU/Rl/ktJKygaKErvWhPAkYwUJhHqnux8opbNo2Sjh1zBrheOqh1kZRbfSRv8PiYcfsTJRPB1w+9Aj2lTmAeJ/AwJbLVcW8uFCKipIoTT4iKsWJbVhVirTSNRWtOXxjjW7f4/KHkgxLWI2VNd0eEVL24fnHziJtIga6QskPFl0bupj3Y/OIp1ouC8TVRSuFCKmnfnFK2kxnWKfS3SyzpLZWnLeN0BQwZu0MSq1IFAT3QXfAYm0FqUio8TEb2sbvOMEvS6QAAGdvdlzKc7tPGIn6Wg4LKmHeSij79fCC2UoN8I3rWzf5Q36Zv/PdGB/xBaG7MpQNpZm8Lq+cMNutbDtqm9UA++z+ULI0WjJ9G50haVaTMVuyZb1rsuGucea2xgEJ13X+OMHmyzZilZs92VsCC10EHMEIFqN0MtFlUo94Vojkah2Wz2xLkm0b6cHGLsxGiBKVizzFBqboKNSjUrWgpqHCNboKfYbPW7PLs1bxKuczWi0WPPLOYsrNnG0/jZ75NfwedsjdemsH7SZ9lv7YUZSsKI/R/wByQWPt70Y41yxG2gwxy/GKq1zr0sjY4+60G6VcVNMtWNdQxrFO7dRveHk0Vpx4OvU/aJH6wOwnjrEXdg0iaAXg+rr5nvz7gTGdqLxAzxw2w+W35Ea0Ts+TbaYtlQW1+jJOOAZg1QOQihsGmSihZgYUAF4Cow14Y+ECS7S1LtQykUKtjhs3d0S/RUcYFkb7Sf3L4xDqqkaRh6ZqrfLmrLN+WwVgOtgy4kEVK1A74E0kAJAOsvT7xhs2Y6yyqTCUKiq3sK1GF01pqOBHZ3mINKv1EG8nlh8YwxWSo6Yxxiy66BWgo8wA4EKe/ERuzbN5508o8r0ZpZbO5LI7BkA6ig0IOupG2LduljHsWeafeKqPAtFtPk5ZxblsjdNagd/HHzhy2qPP/wDEFqbsyUXezlvABYa1ttrDGaie4uP816JbS5YloTfR6GbeBr8YjfSIGNcI85eVaGHWtMw8GKD+W7A36sRj1mvb2q55tWFlH2UvjyN5aOk9nQ0afLB2X1ryBrFTpPppKKXUEyZVlqVQhQAa1vNdBxAyihSwyE2+AHlBMtbOMkv97H7sGcfTZa+O+2GDpjhRZL/xFFHgzHwiF+lk05Ii8XZ/AKvnHQV9SzrxKj44x3r6lReXwifIvRa0I9gx01anyYD3Jf8AeWhjC1P2nmU3OE+5dgsM1as47jDlYHIk8ATB5H0WtKC6Kx9EFu3db32LnmxMSyrAi4XhwUADwg53QYthvYgQC+mrOmc1OCkueS1ik5yE8I+kGSbIh9UnjFjZrOgyArur8BGZn9MLOoooduAujmSPKAn6dEYJIHFmJPID4xXi1JdEPWguzeHLCg7oYONfzvjzaf0ytT4BkT3UH9VYCmaWtD9qdM7mKjktBFL477ZH6hdI9YaaiCrsqj94hR4wy1p9W+OPo3+6Y8jSXUknE78a98es6RcJLc6vRMO+4REThi0kXGbkm6PKrPFhZjjFbJfKD7M+Mdx5pZQol9A3smOQAC6YBLmufcMMNkVbIShoK9YZDc0aDSiqGOA11rU4DOg1nDb84isBxmD90cqnZ3jujmg6R1zSaM+JF5jhUiuWYhosjKajEbMj3QQ9ma8WQ47D84kl2+71Zin48d8a2+iKV7/7FZpRYYHHYcDBsoUNGFDEktFdaihGo68MOIhs6wuReRsRTBt2okaoybT52Noprjcnu8ceRibS47Hf5xXSZrBwGS6dmrKLHSa1Cxk1UkdEXcWNss0CtcMF+MEC0Lqqe4xBZrPUVJUYa/8A9ESvaZC9qevBaHwFTEtNvYpNRW7Hi0nUnM08Ia8x2zN3cMPE5xA+nLMuQd+4gfzEQNM6UKOxIA95vgB8YFpTfCJlrwXZZSZVMamveT4wUsmoxLHvp5RlpvSaecricFqf5iYDnaVnv2prHgbv3aRovjyfJk/lxXCs2JdE9UcviTEL6cUZsg3XgTyUGMQzk4kk8cY5WNF8aPbMn8t9I183pOmpnb3Vp94/CAp3SY+qhO9n+CiM7HQhi1owXRm/kaj7LSZ0gnHs3F4KCebVgSbpWc2c1+5io5LSIUkMdUTpo9zqikorohznLlgUw1xOJ2nEwy5F1K0M51RY2fo051GKyRFMyno46JJMb2z9EzrEWMjo1LGZHdj5ROY8TzMWZtQh6o4zU8o9bs3R2XqQt3YRZSujdf8AaQcca8oWY0qPG5TjLI749TeXfuIRevGhG0Ggp4xZL0YlV+skCm1UQjlGjsMqWoojDgRT4CMprJo3jq4qqsxp6B2Q9tCm4FwO4hoKsvQOxqaqt/i7N4EmNmZiLm0DzGlN6lTtAofCKya7MaT6Kz/D8v2PGFFl6MexM+0flCgyYqR5DpSSbx1bCTdBONFJArnjTdy7oKQrTJisTS5XKlDeIOs01nvh+kGxPVIzpSlQTrGw4/nVPoNAHdzheUDHXjtriaUjGMtqOqSVFTatHshNRUVNCMoEZVYUYVGwxt2kgxW2nQgOKYH2Tl3HVGlkJmaSQ6KfRNStcGxFddDDJOlnSgnIRhQnXhr2GLh0u9VlukDI/nGI5lnVhiARsMLNf1ItR7i6/wCHJLo9CpDCvfBulZJCgU1g84qLJo5VmKyMQobrLXDIjDvjSaWYFD3eYjGbUZKjp07a/JGP6RJRZW8P4FfnFJWNJ0nlE+iA1B/G5FMlhYx2ab/FHn66fkYJWOgRayNEM2QJ7ospPRaa2SkccPOLzRlizNLJbZEgsrRqZfRicvaoBzi5sHRdGpfduVBziHNFYmASze0DBcvR4OQr4x6nZuiMgepXiSYMXowgxTqnUNX4QnNgoo8rl6BduyjcsIsbP0amjEpUePhHpiWR07SXl2iDZCI2sA7DE5MdHnVk0InrAjurFrZtFS9SM3AVjdGwJmVB7h8YRCLs84VsLRkVswU0uXeIrFnZtFl/XH8IoYt3tKkUC3t1PhAU2UR1ghUbqwrGSStBoMSS3E/KkGJZZaalHIQFInXsGmFdx+cHJZkz7XfAvoTO/SUGWPAViOZpGnqEccIKRQMgIRYHDA7vwh0xEEq1l8mUbtcSmzA4saxDNsSNqpwPwiL6K69h67jC/koOFmT2a8cYieyoMQxTeGw8YG+munbTvHzyiZdIoRjUbiMflD2FuNv/APqPAQo59Ll+z/KIUGwHldtvFqKpYbQMMhrrwiaz2B71+YQgIoq79u0mgEbxNEqDWnxiaZotGFCuINQRmp2g6ozjGjSUrM5ZlooAR230oOZiUy5hyRV4mvlFo8p5fb7OFH1cG2Hw8oluJrdfzuihJmdtGjS/bII3KMDxMV1r6PUFUY19ljgeB1RsWeWMiW4LTzjqyi3ZlseMLYpTaPNJUhke66kHfs+MH29+oe7zEbqdoH0go6rTy3gjHxiWX0ZkjAjkPiaxEoOTTNo66itzCaOsCThV/VApvrX5CLmRomQvZSp4fONgmh5a+rXjjBKWVRkAOApGiTSownJSlZmZFjb1JVBvFPlBDaNm0qKcBnzi/aai5sPzuiF9IJqBPdSHsRZR2exLX629z89cW9msEqlVAPj5x13eYKej7zhTgYZK0c49a7w/CBAw9UVdgHIRxrUg18oFm6NqMHNd+UChXlmpUEbSKjuMJtoSSLA2onsoT+d0QPZXc1Kqvn4RLI0gjfunflzghp6jNgO+HVhwQS7DTNz3fjEwsqbK8YifSCaqnhDBaXbsJ3/icINg3CSgGQiN5ijMj87oiNlmN23AGzPywh66OTXU/ndDtiBLROln1ankecQS5L1qt4Dw8c4uEkqMgB5wiIKHZXfRnbtPyjo0evtNXug6kQzLQi5sOdT4QUgsFEucnZYONhz/AD3xDM0g4wYXe75xNM0ivqgk74Gn2pyOspC+7hzMJv0NE0qVfzmV3Vx5GCV0elKYnfWK2yy0Y4vQ7PxOEXEpaDAk8TWBCYL+rE9pvD5QoMvQoqkK2OMuHKsPYQ2kIDoUZHKM7pDo6UJezcTKJ6p3yyeydxw4RowYeDA1Y06MzonSqElGQI4NCCKEHYwOIMXvpVGZA4xBpXQ0ueKmqOBRXXtDcfaXce6kUMuwPLN2e2uisvYbZicju84mmh7M0D22WvrA8MYi/WYJoiM353RFZ7OgGCg8cfODkpqpBuGwNfntkoXjT44xBapcwCrEkbiSOWqLIGHVh0Kyjs81QeutRx/NYurM6EVSncKEcYEtNgVsVwOzUflFYyNLbYfzzEJbFbM0gaO1ios+lhk/MfGDjbEAreFNWI/JikyaJJ0wqKhS3CK2ZpJjUUA8YmfSyDKpO4QBabUHPVSh26/CE2CXsJk2K+K1UcMTy1QSmjUGZJ8PKKk+kQXgpA2jOJpOmTk47x8YFXY3fRcy5KLkoHdE16Kp9KJTtcoHm6WPqjn+EO0hUy8vQ15ijMgcTGWm6TmH1qcBSJ7NIDipcHcM/GFYUXE3SKDI3ju/GBDpF27CfGOpZUGqu84wQBhhhBuGwKZMx+01OJ+Awh6WFBnUnlBEdrDpBY1JSjsgD87YkLQNNtiLm3LHygOdpMeqveYLSCrDJtjRs1odowgKbJMvFH7tfLKGI7zMiachBErR3tNyhcj4B/1g+0coUH/Q0/JhQUwtFm0NhQookRjohQoAHrFd0i//AJpn8P3hChQPgAPR/YHuiDlhQokZK0IQoUMRwQDpTsDjChQPga5KSfmIjl5woUQWSjVFzYOzChQ1yKXAY2QjN2rtHjHYUNiQ35fCLLRfxHlHYUIbANJdswyydteMKFB2Po0KfnwhL84UKLMxxygS3diFChPgfZUNlEK5woUQUH2DtDvi8XVChRSJYoUKFFiP/9k=', 4),
(3, 'soft sofa', 'A cool sofa for living Rooms', 60000, '15 26 45', 1, 'data:image/jpeg;base64,/9j/4AAQSkZJRgABAQAAAQABAAD/2wCEAAoHCBUWFRgWFhYYGBgZHBgcHBwaGhoZGhoYGBocGhwaGBgcIS4lHB4rHxoaJjgmLDAxNTU1GiQ7QDs0Py40NTEBDAwMEA8QHhISHzQrJCs0NDQ0NDQ0NDQ0NDQ0NDQ0NDQ0NDQ0NDQ0NDQ0NDQ0NDQ0NDQ0NDQ0NDQ0NDQ0NDQ0NP/AABEIALsBDQMBIgACEQEDEQH/xAAbAAACAwEBAQAAAAAAAAAAAAAEBQIDBgEAB//EAEUQAAIBAgQDBQUFBQcCBgMAAAECEQADBBIhMQVBUSJhcYGRBjKhscETQlLR8BRicoKSFSNDorLh8TPCJFNjc5PSFoPi/8QAGAEAAwEBAAAAAAAAAAAAAAAAAQIDAAT/xAAhEQADAQACAwEBAQEBAAAAAAAAAQIRITEDEkFRImETMv/aAAwDAQACEQMRAD8A4OHXBuE8mJ/7adcEsurE6e6eZ6jurG2/aG4dyKbcO48+u21QlV9HbNwjt3ev+1WgmshZ9oX7vjUm9p3HJfQ/nT8gNgs1ZXzzFe3NxBoiHyb862WGd3tWrjYm2ouojgCy5gOobf7TbXcxtRxmbSGU16aGwtjOY/aCD/7aLP8ADJNc4xg3s2jdW+7ZGQkMtvKUzqHmEn3SedHAKk+hbx9gt3CP+HE2h/WTb/762TuQRAkGsR7Y6WM+32dy0/8A8dxXP+mm9z2gthmH29vQke+nI+NFJtYmJdqe0aQmpA1lW9oEI0uA/wAJLSf5aus8dXWftD0i1db5JTNCT5dfTF+Lxhw9nF3FUMbdzEsFJgEkm5E/zU6sYK8yhvtLYBAP/Sc7if8AzNaQcQBexjTlYK5crmVkJBsoCcrAH3ww16VreC3M2GsNO9q2fVFNLhbeAdeGXT/jJ/8AEw+dyl+BxDPZV2jMVMwIEiRoCTG1aVDWY4f/ANKOhcelxx9KDMmc9nLDXsNauPccs6y0FVEyRoFUdKZjhSfiuH/9jj5EUD7Gn/wdn+Fh6Owp5NNgolx+EW2bbIzybiqZuXGBBVyQVZiOVX1zjX+D/wC6PhbuGvE0rGQv463/AIe7/A/+hqzmA91F701/k/8A6rR8atM9l0QSzKQBIG4PM0nwfDnQpmCgDJMsv3VQH4qaSvhSM3ky2POZLp/HctfC65j/AC1msZiri3W7MjO7CAYbMSQG6gEz61tjwZwiq12yCLiue2YyqXMDTftV6xg0T/HQ+AJ+RpK38FqU6fJgzcvZgQpY6mQuhJ2zAbgGDFaPhCOEh95P6NMw1tXZjeJLfuH0FRZk1ylmJ5kAUsp70D1S5K7XuN3tHopHzo7N/dv4MB/MSB8xVODwjuqhELaljEaDMN57ppqvBsRkA+yJ7STqp0DAnn3V1Eiq2kq56sy/5stG4dPd75PrJ+tUjht9LctbcQczaTESxJjvorDL2lFYwxywv65f81Li6AWSBILZE94wSxAOm3WpMNQP1qaG40g7AUKCzM0wNcoJEzoRJG9AcYphxt2tJHZdl1GmomrFw46vp++3x618/PFMRad1N4hULhZgggEj3nEso2U6mIoh8dduEnMUAJA7ZBbU6kkGTEDlEeQm7QNFH9kWB7tsj+ZqY4LhSck5dTR9xrH3bUfrxpjgLaEEhOVFHRVT8Qgw/C1IPZ+Jr13g07D4094cqEHs86La0Pw0RHhhMV7OsSPEfOtv7KYVruBsZWAKK9kg/wDpXGTeOi/GuPY7qj7G8StWVxFm46IUxFwqGYKStxVuSoOpGZm9DRQlJMbnAfZEP7xHIDv5jn49w6ULj8TcvYfFWyB/0bkEciFMfGmL8dsg6Ozfw27j/FUNcucZtspVbd1swIMWyu4j7+WslgnrnQMLylM7EBSoYkkRBE6k6VQmPsfddD/CQ3+mgLuFb9gFtxDiwqMND2hbynUaU29neKF8Nh2yMZtWyTI3yLPxrJaNTSIjGLyW4fC1dPxCVMXnPu2rp/ky/wCsimD4tt8kDvb/AGrgxTzqqwdtdf8Aem9Rf+iFV1zcS7byMjqMpVsu7IGGqsREMKnwPG3rWGsWmskvbt20Yl0ClkQKSpBJIkdBXLdycRe0iVst6q6/9lQt4x3xD2LaLmREcs7lRFxmUBQqMSewem4peh1ytD04niNzatjf/FY+H+HQ2DssiZWIJl2Mbdt2eBPTNHlVz4a6CoZ7SFjAGVnkwTA7SzoCfKqXDpcCO6uGQtohSCGC82MiDRNwB+yOOP7MiKhYqbizIyyLj9CWG43ApwmMfmg96BDMNMoYTKdD9KUYLhP2aBFuvlDOwBFtoLsWMFkMak0QcApiXfTo7Jyy7Jl5QPKtoPVkeIYt2ewpQKPtTrmYmfsLjCJQAjX1EUYTQtvAW1IYLqvulizEHLlkFiYOXTw0q9jQbClgJxRuw3h+QrOOlPONAm2wDZSRoYBjtLyNZ/D4S6CS7qyjqMnqRSsZEHtiYO0VIYBCDIPqaiLL5832qss6IqiSI2zEknry2o3kR3dDzrJAbADgLc+6POeqj86DxeVYygCSPkCfnTh7Z3+neT+VJOIe8BPX/TFMsFem29lcLksKTu+vkNB9T509WsXh/aV0It/ZoQoUbkfgHf8AipmvtHt2BJ/fidRMSvKfhQp4+Rp5XBqcko46qw9QayWC98eH0pja9ou0UCDQDUt1B5R4etLMEvaPn9BTIRhOLxRTtAAkZAoM6sxAUad5rOYn2gvBiz2gWQsgTMEgZJdizAwIGx678qa8UwovMlomA7mT0VFZtv4gtY/iCBbLMzH3rio2bKWbNCyBp7k6aDWlrTBWAxX2joGw63HGcoGJAlx9oBpGoVTGoGk08s8Tvkm22BuO6BZhbbwGnKT2jEgbSdqzGCsl3T7K8UZFbtm5Gp7ICADSQdtz066PhHDsS/2jjFOhLlSQydvJCZu3bYx2SBtpSTyYNTha5SZbQxy5eVH2LeQIFOjQDMHQxtFWIO0wPPUfX51WCSg11B110MHu8ariDoH7Oto6HdW/MfSnWUUkwHYxNwcn7Q/mhvqadGlQzPRUstRmvTWMSFSqE12axiOJWUYdxpb7GcYsDC27RcZ7asjLDEgI7KNhroBTNtjWc9kL2ERrlt1QXhdu6sNSrNmEE9xoyCjc23UiQZ76nlE8p+NDHGWlHvqB4gClGK9rcIhgOHY8k7RPpTCYXYhcuKf96zZP9Ny8PqKF4UY4hcjdsMp/ouGP9dRs8RF+8HRXCi1BLIyic4IAJEEwWrq27iYoX0VWX7F7ZBcocxdHU+6dIVvUUH2OughWZsTLvoYREVisEDO5IaM4kLqJOtEcSEYlP/aufC5b/OqxiLmYuqW0YmTq7yYjqlRbOzh3cFlVlAVcqgMVJ0kmewOdKBIImuTVL3QKpfFAc6wwUWqDNQn7ZO2tDvxCCVKtI5HTz8O+ik30B0l2EY91C9pcw6eYik128o1W2oI2Mk/lRV/EltIA85qNtFJh9B1HKi/HQq8sfoouYtxqAq+A/OaVYjil1yVFwjWOn+mKl7YWntMqmcrahhoGHj9KTYh8MUZ7TuWLNAIIAGZQBDQQYkg6z3HSotMqsCsZnRC7vnjLpJ1zOqjfb3p8quWJUDmR8xVGNDNbQAEy9oGBPNmkxy7Ioi3bh0B3n8/yppXQtPsMtdq6Y5sB6Zv/AKCmEgvP4UYfM/QUuwJgM/NyQvhuSP6oqzC3JcDl/ej0VF/OtS1ml4MMNcl39Pgo/Om2Abn4fU/Ss/w95zHqT8yfkRWgwykJ5fQD86o0TRB2Vr1lGnUvqphhIgEEd4pE1lTbKaGMxUEKVmIBykactqlxS84xAIaMipAjnqZnz+FUYjIjKHYZWRWVpIHRlOu4YEUUZgNu6uUMSFJGoMaHmPWtpwRbz2x9netBAFAm251KgkaPGkxWGwtvPcfIhK5uwcp2yiYJG0zWhx/GL6JbSwpzAHOJAymFAGvPQnzFB78Mv9NMydsNOhBHrrO1cW3oyknUz6+dYvEe02IOxj+FB9ZNAXeLYlwSWuZRuQYUHvy6Dzpfb8KeqN1cwrC6lzQAKqtJ15jproaZE18zs4hxldjIJENmnvB15d9fQ0xAIB6gH11oJ6FoImvZqFbEAc6gcYvX60yTYrpLsODV0NS1saOQNcOMPT403pX4I/LK+jOaR3fZfDNca4ysWYyf7xwJgDZSOlM8LcD6EkHp+VDY7GLbaHYKv4mgADf9eFK5aCrlrTycGwy/4KGPxLm+LTRlsIohVVR3AD5Uus8Tw7uqJeDlgSMimOyJMttMa6E0zsWEYSGZhp8Z1MbDSg1nYVSfR43xVb4oDnRTYFBOnmSRv4cu7fvqi/iUSEgRoAwhVM6dpiI6/nOxSbFfkU9ldy6wAJBAO1VNcOYJnQM0kDOJIG5yjXSiryScr9pI2JEidDquhUid4PjSPC8Ht2HhLYUpLI3a91gQCRPQkGehoS5er6B1Sf8Ag3HDXb7667QDXl4MN2ZmEEmNNvDU+EUHhmdQygwi79vKdQPdaZBjY6D0o7M7IsMXIVczoeznGjSNNCZNaXrxo1U0tRCxhkQMbagg7kZs0noWHveNVcQw5KCAWce6VHfBBOwEde40ywiIoIIEtJMaacpgjoflV7MkZBlDGCBIDGB7wH3tB8Kb+prU+BVlT/XZnkwF1hIVR4sJ9FmrE4cd2caakBTMeJ0+FFpfytuNZiRIHI+XnzFUcWxABBXUNJ0MFog8+WlV9qYnpKB8bisPlRXzOpmPcIBAHmD4jkelJ8TZTe0Lf81sA+RB19KS8WvgX1ExJOniJiR3ijEuRuaK8c0tYH5anhBK4K4ysWuRCsYUdATHLpSpEP2gA3g+u31pzhMcoJkjUEeooCxxNG1ZFzRBOWDrvqNaFeHP/I0+Ztf0UfbDMAvuoMi98EgnzIrnCn2POXPqf+KYYXD4Z2CqpUno57/xT1NM8L7IhVzJeEdH8vvAfTnU6hpYUi1TE/Ch2B3/AJAfStKWhQPCkFnDNaYI+XMsTlII11kGnD39dNaFBQs4tw92dHKMNQimVh+gI36xS/EcRTD9h/tBJOg7evgsgeFNcY9y49tHctIZsqgKqwI0HUTuTRuG4PhmtMipmcgw7QzBz7sH7onpGlLrHxAOB4e7qHt5gp2zBDp3qQCKY4Xhl4A/3OHM9Z+g+pplw/A23RXXPafKMxQ5Zb95D2Sesii0/aVEBbbjqZtnzAzA+UeFZUwuUfKuE8RBeJMxt1BkVbxlg+HvrvAW4Af/AE3DRHepNI8TdCYkMhlCTB6qwDA+hp25BfKfddSp/mUj5xSRxWBvlaCcNxCtaVX91CRoYgK2Ya8hEVvOHYlCqgDQAAak6DTnXyvgLZibbEjVQ3WfcaP6a2+AttbKqpLqdNxOnUmBVkuWS3gdcQw4t9tPcJGYfhn7w7uoqIuCjWtOyENkCkEGWkgEcwBtHQ1DBcHTZ7jkjTQBQYG2sn89xNWmklyQuNfAL9qKgcUo50wxeCw9vUqW00zMWkxMBZhvQRR+AdGTsIiE/ujQ8jpFF39wRePnGxNhndjKI7a7hTHqdKu4tgbl4ZTaAjYuV97loJMb+U00OIKNAYMezOpA15R906/EHrRTwwzKCxOWIPLrBPy107qSq0rMpLgzmGwoQwURHUbqq6AyJBA23qzC23UkKyKF1PQzziddQNT60RxeAmeAzWhm1KiUO5nkBoZPhyrO2+LXGV02YdFBMk7SR08N6nUe3YfdSajABTbCJlch2JUHREdmYKpJg5ZAA5RpV2FTKZbZZgSPvaQeg15xtQfC75dVLIqEjULMdJ7wenz3oHiuLAchiIhZEEyAcwMqd9xry86G+k8maVVpqVxKntDLIHdoNQdR4deVLONYtHtG8hR/sQC0aQrGNT05+U86ymJ4yGZQhLINQFlgBJEachOk+NEcKvugJ+yLSioQxVVYAAEEGTG/Ln3CnmNWiV5OfU7Z4pedWAQFlYaFQQe1JDGJywD361pcPc7BYqEIE5QTlBAmNfnWST9oG/ZGoAXtxOkiDp5g1b2GAV3d45MxWfECM3mDTKG+cwVXn3S+5xhUklgXy6bzl1JGUk9QNOgjfQfB4xmdbgVyw1naT2juSN5+NEYayi+4FQdyj4mimTrDeFHx+P1XL0W69noLicZeYyLRQA6ScxGgEQkiIHWhcSr3ABcunwHY+WvxpugH4CO//jSpqhI96R0IBp1KQHTZnk4FbJkQG/FOZtdNyDVp9nk3d7jeD/RQDTo4dBqyr4js+sUHjrttFLB2BAmNwe7XWmBrAj7P2eWcfxM/zmr7PBY0V4HSSfnVWG4zRY4ip3ANAOtEP7Lj3iD4JP8ApNN+GqlsQes6g/JqDTFJ3jwP56Vcl/o4jvE/Wg0gqmik8JL3XcusM7MANNCTv5UW/s6XBGcQykEiJGaRp361EJOsA+cfkKmrgcnHhJ+O1I/Hv0ovM18Fv/4ReQhreJYEbSDIB5SDUf7I4nb917VwDkQs/FQfjTlMU4PZfToZn50UmPujfKf15Uj8bHXmn6ZyzxfHWJz4FCCSSbYKyTueyWk+VV4727uwoSy9kicwPPaI7I219a1qcUGzKPlTDDZHGZQI7wKVw12UVzXR8c/s/CKw1Z+QkyBpAjKBGgp3hMLZaIgx8Kz2SDPQ0yQ/eXRhr0nuNJOFK0ejhFoahF13gRPjQ2J4fp2CQRqATIkfKpWOMoqy2+0c5qL8SLe6FX4mrTOkKpLsus38yAlQShGhiQRsddiOvjS3E8UdXWViADGYyNSQJXeNasZHae1uIOwkd9LsR7P3GOZbuszDyR4abDSnmGidWmP8JxBHMsva6mSfInvp1ZvCsZbwN5PeSY522JHpofhTzheJJGvLr3VTCLY9xV0kA9mACXP3umnURJPlVOF4gqqwZoiRJbfeSDy7Sn1pFi+I27hyQzBSDmBIEwRuCJ0JqduynJAD1G/+9K4GXkaGa8SRtFDOhDAyCMwI5zA3J9BStftVMxlUd+8bZiBJ8zRC2W/H6iPjXmYroQT4S3xFBxLN7sotu5nNdJn8IA8hMwKqHCrczGdt5uHOfGTRyXFbkD41I2OYJXuGo+OtH1QusillxsBHd/vURknUa+Bq37MjWc3z9K6L6xvTAPKg+7I+IqRRiNcreI/OqL2KVQSNCAT3ad1CNxQRuBQCHfsqc1ynuJHwmKg9nKCUfbWG1mOhFAu918uRGO+sZRrEamJqbYS4EZmdVgHQanXTfYb99b2SGU0/gVh+KKVBFD3+JEtCAtpqFBOvfFcw+CsqoMFv4jI9NvhXcRxFVGUEKOQ0HoBS+wy8f6C4m5eYEQE/iOvoJpZjcN2SWcsdNBoNTHjRb4on3VJ7z2R+fwoZ7TOjXHcIiFpIWT2DrIPh18qDprseZn4STAIdmZfQj46/Gp/sLj3XVvGV/OmC8GurmJdQI7KtDOWgwCVhRJgaSdaEs3mJAynXoZH5/Ch7caFwtwqy3V3RvLtf6a6uOgwdD0Oh9DRn7QFOViFYaQdD6GiC86EAjvAIoqxX40DW8eepoq1xIjnVZwVtvuAfwyvwGlc/swfdcj+IBvlFN7IR+NjXD8RVhrv0OtRfGHPlWTIBgamdeVQ4dwlfeZi3cOyPPnTZWRBplQehP1JoOl8DPjb7ARgrrsC3YEc9TuTsK12CwoRFRSQAOe5J1JNJMM7Ow7BCc2OhPcq7+sedPlxA5mpVTZ0RCno+NOBQ+KLZSF8+7odKIvYofdUn9dBQyXWmWEdKlPZWuhYMU6kBhpIGuognqNPrT39nI1RvI1W1tW3HmKrNhl90yOm1VXHRKue0FpjGX3h5imGHx4MAazSZcUdiPUfo/Sr8KFYK6tlfnG0+FMrf0m/Gn0a7C4V2jYeevoKP/s5CCHaQRBiB8d6zmA4heEr2NveM0bDN79xj3Lp+vSj7M3pK+BGKwqJ7rK4/CYDRPTY/rShPsQTIJXu3HxqOOdLdssFg5k11J1MH60OnEljSnl6iVzj4DxaZdTqOv5iurcHWlz8RjWQKCsvccnIjMJMGIESY1Om1FiJNjx8Qh39efrQR4lBK9CRVdvhtw6u6p3DtH8hV6cNtKZILn946f0iBQdIdQwf+0STAlj0UEn4VGzhL7T2Qgk++eRPQSaaLcCiFAUdAIFVpfZzCKznbsAsAf3m2XzIoOmOvGilOGLHbdm6heyPzouxZtp7iKD13PqdaJs8FxD+8UtjvOdv6VIX/ADUyw3s/aXVy9w/vGF/oWAR4zU3RSY/wT/tUnKss34VBY/0rrV68JxFwEZVtg83MmJB0RZ+JFR9ouJPYdLVoBEyhoQBdSSOUaQBRPs1xZ7jFXM6T6Urp70OpQqxvs1iRs4cdEOT4HX/NSa/g3t++jJ3lSJ8+dfR7+KVWg/X8qrbFISFLe9OkTsY7QO2tGfMkavHp81LVRcvD9nugmFzuOg7SK0T5mvoDcJwl+YUE8ynYPmF+tKsT7CW90c7zFwZhMASCNjAGscqd3NIRRUsW4XFW3tWLzP2zbRiuYuM6pkLBBOszrFDcMxQRwxQlRIG0xsPhRl72avpsgYD/AMs5v8uh+FANbZTlIIPQgg+hqkzK6YlU/wAOu+YknmST5magtsDbs/wkr8t6LTANoXIQHbN7x/hQdo+lMMNhEUxkLHf+838RZXWO9jFarlGmaYDhLd5j2JfxUQP5hEeZolWxKsVbDOwBjPbZCsdTnKx8ab4e9iPtAgtBbY953ZCT+6ltCQviTTHD4a4TIJUd/TuWoutKJZ/orwyvHbhO5SGY+LbD0NFW7agyoAPU9onxJpwLCx2oY9YA+VDXrScpPnpQ0Ll/CKYqNwD4VYMcvQ0IcOK5+z/rWtwD+kYy5h6XYzCmJ0Hea0r2apuYYHcSO+oIuYsYzIYbUdV+oo+xiFcSpB8PqOVH4zgSNqvZPqP9qWjgioZzMG7tPlvVFSJtMIMNuJ+frXFw4BzAkfrrVbK67ie8b1bauTz/AD9KdMDkNwz9oU4RqRWjqKb2n0ooDPcUsF7bAGIAM9IM0FhuFjdnJ7lEfE0yuOuRpIAKsJOg1B60tw+OBEIrOf3Bp/UYHxo7gjnRjYw1tPdQT1Op9TV7XupoFMPiX/BbH9bfQD41YnBre9xzcP75kf0Ds/Cho2YV3OKpMIS7dEBb1I0HmaFv38S3u2wi/ic5j6Lp8a0Vi0iiFCjuFduWiRoYraHNRlDw5n/6lx37pyr4ZVifOaa4TG4uwAtt0dF0Fu4sZVGyo6a7bTRowRPIDxNCXeyxHQxQ9tApaGeH9tEGmJs3LJ/FH2lv+tdR6U8w3FLd1c1p0cfusDHiOXnWNzUDe4dbZswBR+T2yUYeYrYhtZofaLCG46MYAEBjOuWeXfqarwdkoewIPUGD6nWlNvFYtNri31/DdENHQOu57zR2F9ocOpAxFq7YPUEvb8mT8qnXj9h5r1NFgMMz9t27QgDn13kb1anC2D5/tCe4hRGskaLqDrv1qzh+Lw7JmtXEZeocNHiSZHnSvivtlhbMgP8AaMOSajzfb0k91ZeNLhGdbyxtg8EEZnyqCREgkneY1GgrnEOJWbAm66p0BPaPgo1PkK+b4z25v38wtkWkH4AS0d7nbyANKl1JYksx3YkknxJp1KQjps2uP9t50w9v+e5oPJBqfMjwobhmKxF4lnd2J6ZVCjoPwTO4BOgrPWkrU+zqQjH9frSiAPw+AC6kwTvlJzH+Jz2j5R4UdbVVEKAB3CPM99ViapxnEbVoS7heg3Y+CjU1g6H2feHjRV3Fry1+VZzCcWa4TFt0TTKX0ZuvZ5DajBdo+rJvyZwGHEMd9u7T/muNeFAtcavfaGt6gVsYK4OxqWX9RQOHtO50GnXl600tYMR2mYnuMClc4Vmm/giKVw2qKZTXghqRUBa1VNzCg6EaU1GGJ61YmCNYxmbvDj930O3kdx8aBxHD1+9KHlyk9x2PlW4XBLzqxsIhEFQQdwRPzpkxcPnQs3FPZUuO/s/GiVwmJf76Wx0QZm/qbT/LWrxHBY1tmP3H1XybdfiO6k+JVrbQylDynY/wsND4b0yeivEC4XhSIczg3D+JyWI8AdF8hTDE45LaEgCdANNATtPdQRxM7mfOgeK3QbbAdx9CDTpE3f4NEx2Ybz9fpXGvHwrKW8Qw2Jq449+tUTItaP3vRrPxrtjjZDZZzACddxsN6y93FsdyaI4bh3Y5ohSNzz1GwrUtNOyawcXtnnB79vXagMRdlmPfQy4Jecn4D4VYuHQbAjzMek0voU/6r6e+0qavVT2Ty1odL+pAIkaEdD30rTQ00n0MlqyaDR6vR6UYHv8ACLDK7fZrmCkiJUTB3AMVmMbw1FRX1zw+s/gCE6fzGtjeaLbn9xvkaRY/DMxtKqkhhfXQE75VExSOmViUwT7L+9vAbA2x6W1n40RawZ5TTrAcEYPdd8oDvmEamAIE9D3a1diuIYax2fff8CjM0+Gw84oyuCb4F+GwLnZZp3hcQtlcrntH7o7TegoWzexF3fLZTopl/MxA8qOwuERNlkncnc+JqiliO5/SaYi9c90fZr13cj5Cl/H7SWURwAXd4LHVyMpJ7W/Sndtx4Vm/bK8SbS8gHPrlH0oqWnyCrly8LMNxkQAaY2seh5xWKRqtVzVSGG4TFLyYURwm8l12G+UA6bamIrAK5kamtv7G2CLbv+JgPJR+bUtPgeF/RpFMCBoK8WqMxqanbtOwkLp3mPQa1A6gVbQ51MIBV0Vz7P8A4/3pMGIipgTXlAqU1jEclcivG4KqNyRWMWGqbxQghgGB3BEj41Ag1WQaxhLj+DKdbZydx1Xy6VleK4W6mjDQ8xqD519Ca1VNzDggiJB9DTKmidSmfLVblselSatlj/Z1HBKQp6fd/wBqzmK4YbZh0I791PgRp5b91Vm0yVQ0Jbj8qeYLHwqgjYAegAoRrQGwiqhT6Jho7WJRudS+1XqKzyGrEajorlDa9jQNtazWPwzvdZ0LBzHu6HQAcuWlNJphw9uxEayfnS10P41yJsNisRb/AOoocd2jeZGnwpzgeJ230nK3RtD5HY1bcVeknupbieH59hHhUdL4aO1aVuy3unQ8tCOoqnG8esWexbXOw+6mpnvPI+JnupDZ4LdHZN1gnNczekbUxscNRBCrFHEHX0AYrF4m977fZofuqdT4t+UVWmEW2pK76a85mm7pApZjLk6bd1GX8J3L7DsBj439OR8OlObeKQ84PfWRWphyNiatpByma84pRzqi/i7TqUeCp68j1HMGss95juT61zDKWdR1Irab1Lb3DXVjCllk5SNTl5SOsVAWyNwR4iK3yYQGr0wqLqfjrr0A5nuFT9y3/NGH4dwp7jaKcvU6D/et1w619mgtp2iPLU6kseW/j40VawrNvKL/AJj/APUfHwoy3YVRCiB0FLVNjzCRzD2dZc5jy/CPAcz3nXwo0PVAWuzSFAea7NQrpalCeYVVcPX9ePSp61FhG9YxQxIri1a7QNNKpUgn9CsYmDUWJqQFdrGK8nn41LLVgr0VjAr2ulDXrYIIIBB3BEg+IplFcK1jGSx3AA2tvs9x1X8x+tKzmI4TcRypAHidD/C30r6ayUJiMIGkEAg7g60ypoRwmfODh3XdSPL61JLZOwJ8Aa3L8GYCbZH8LyV8juvxHdSjEWWDRdBU8gfdP8LDQ/OqTekqjBEuHJ3+FHYe2wEbDpsaYJaA6VMQKZ8irjojZsp/zV4QchQj3eXOq1vt1kdKRyOvJ+h7QKpd+lQt3VO5j9dauyZtBrSFE0+gC+hNL7+DLbevStEMKBv6CuNhwa2gZlcpUw2h+B8KllrUrwzNuNPD5Crl4An4AKor/ST8f4Y0pRvC8K5cOFMDnBifGtbb4XaSAEBY7ACSfAfXYU3w+A2zf0jbzPPw+dZ2MvH+i/hv2jxA0/EdvLrTvDYYLqZZvxH5AfdHh8atRANqmFqelcJCu1wV6awTtemvTXprGBDUC9ebc140oT2tRdTU68axij7M10WfOrV3qw1kYGIPT9d9eosVW+/rWZigVJam9cSggnYqQt1atSFEBAWq99mKma8KwCspVd2wrAqygg7giQfKiK9TGM9jPZ0b2myn8Daqe4Hdfl3UjxOHuIYdSp67g+DVvahftgypAIjY0VTQlQmfOrwjWo20LGBv8fSmXErKrcIUQNNN95603wuHRV0UCapvGklPOCvDcI5v/SPqaZJYUCFEDuq9R9KtSpt6VUpAJwxJ/QoqzhAup1q6uD9etAYmAAJ0AG56eJqNtWf3BlX8ZG/8CnfxOnjXuGoHu3A4zBFtFQdgWgkxzPjtypptHjWZkVYfDKmw1O5OpPifptRAFerooaEkBXRXK7RMdiola7XRWMRivVKuVjH/2Q==', 9),
(4, 'King Size Bed', 'A bed for your comfort', 30000, '34 24 43', 4, 'data:image/jpeg;base64,/9j/4AAQSkZJRgABAQAAAQABAAD/2wCEAAoHCBYWFRgVFhUZGBgYGBkYHBocGBgaHBkcGBwcGhgYGhocIS4lHB4rHxgaJjgmKzAxNTU1GiQ7QDs0Py40NTEBDAwMEA8QHxISHzQsJCs0NDQ0NDQ0NDQ0NDQ0NDQ0NDQ0NDQ0NDQ0NDQ0NDQ0NDQ0NDQ0NDQ0NDQ0NDQ0NDQ0NP/AABEIAM8A9AMBIgACEQEDEQH/xAAcAAAABwEBAAAAAAAAAAAAAAAAAQIDBAUGBwj/xABFEAACAQIDBAcEBwYEBQUAAAABAhEAAwQSIQUxQVEGImFxgZGhEzKx0QdCUmJywfAUgpKisuEVM2PCJENT0vEjNYOj4v/EABgBAAMBAQAAAAAAAAAAAAAAAAABAgME/8QAIxEAAgICAwEAAgMBAAAAAAAAAAECEQMxEiFRQTJxBBMigf/aAAwDAQACEQMRAD8A6kKOsZZ6cwYuWGX8LSf4WAnzrTbN2pavrmtuGjeNzL+JTqKVgTaOio6YAoUKFAB0KAoUAGKAoUKABR0VHQAdAUKAoAOjohR0ACjFFRzQAKFCaBNAAoqE0JoABoqDNSc450AHQpOcc6VQAVFR0VAAoUDQNABUKFCgDi/7Qd0QOQZo8QxIPlT+DxD23Fy02Vxy3NxKle2Pd3HhuioVKtvB7OMb47O3iO0CpaKs6zsPaq4m0HXQ7mX7LDeO7iOyrGuedEsWbeJCT1bwIPLOskEd+pHY4roQNNMTFUKKjpiDFCgKFAAo6KhQAdHRUKADFHRUdAB0dFRigCNinMgAkb90dnzqOXP22/XhT2K3r3H8qxWP2PffHpdVGgOji7nhUtKmV7OSZJZ5bdHWNTVt9jukujY2bhDgZiQQd5JosRq7STpH1mHAcAaSnvr3Gl3ffbw+ApfB/RmFmNZ7z86XYMOAOK1msJsF0xntQoCZ3drmdizhwQtspwCzv+4nhpLf+YPw/nTlFRap2Ni7/vNpuj4VGbEoHCEqHMwpK5jGpgTrpUi77z+H9IrI4XoqUx1zF5iS7GN2VVYqzTPWLZlMDQDN2VII1RMFe8VZCqy4dU/FVmKpCYKKjoqokBoGgaFABUKFCgDiNCm2vAUn9oWiwLvBvDWH4i5b9WZPhaFdVFcuwFsM2GQbzctnwSbp9Lw8jXT1qUNi5oxSaFUIXQogaE0AHR0maE0AKo5qE20bQMFxI040X+KWvtj1+VLkvR0ycKOmMNikcSjBo00pxzTEOTQmo9CgAYpToQJifWPlUaW+x61J1oa0uI7GLKMXBIiJ40rEBgxIEzHGNwjlTomjM0UFkMu/2B/F/al4ZGL5iAIEb5qRBowTRxCyPiLbhiVAIaDqSIgAcuymoufZXzPyqdmNDMaXELIK2XZlJAABnSasxTeejzU0qBsXRUnNQzUxCqKiBoGgAUKTQoA4Ip0HcPhUnZ+EztqCVBEgb2JMKin7bnQctW3Kaes4VRAfNAj3gtuecM5JPcFNW+xgHfIqAooMnKwQZtCqjecw0LMczAZeqsgwUWfRSz7TEG9IZLUorD3XuPLOy/dGYgfdKVvhVPgkCSsKoAJgAKATJJ7yasrDyoPZVITH5o5pM0JpiFg0KSDRzQAdCaTNE240AYsvJJ5kmg5q0/wJh9cH90j86gJhSxcD6rlO+I1rn4yNuSJewb0Zh2g0fTjHXLeHR7TsjZwCVMEjK2nnFFs7BlCSTM9lI6bicMv458lNW7jAmNOZhE6WYvX/AIh9D2H4in7XSvG7/btHaiH/AG1EVEAGYDdOijnHLlS/YqyNlAmNNBpAnhWKm26OhwVE0dLMdE+3kTHuWuP7nYaN+meNUD/1VJP+mn5LVDmI3g/CrmzYtolt7i6tmUtnYwd43GIjTwpuckrBQj4TV6YY3i6eNpR66UB06xY/6Z/c8J0amBs6y4zoSeMh5qhY5GIMkgCJMaESDuPOojklK6bKcIr4bHDdO7595LYPMKxHo0/Gn7XTW+fqWz+6/wD31h0xE6AAjtJJ17dKet4sggEadk+Qp8p+icI+G4HTG/8A9K3/ADD/AHU03Tq4N9m3/GR+RrM4hwoEySTzI8dQdKh3Mh5DvJ+KrFCyS9E8cfDVN9I7jfhkPdeb/soD6Szxwo8Lx4//AB1iXVZIzAbxMuRPL3fhUb9k/wBVP4iP6gKtZJfWS8cfiOi4b6Sldwn7MRJiRdB/2VqdhbbGJDkIUyFRqwM5p3aDlXG8Dg2V0aUInUq6twPKuj9BmAtXG4s48goP+41UcjlKr6InBRjZsw1V+23iy3bA9RUq22lVnSJ4tgc3HwNay/FmMdmcoUVCuc3ImF6Iopl3HdnB+AU1fpbtWUhYAHIc+wDSuT3emGPf/nKo5KiD1Amq/EbfxjHrYq9qNwcqN4G4d9b8kZ8Gdq/bEdzlJIkT1WGk9o1qfYxQCLOmgmYHfvrz5cxN1vevXD3u3zptk5s38Rpcx8D0Nc21YT37yL3ug9JqBf6bYBPexKeAZ/6Aa4UlteQ+Pxpu/puHEUc2HBHpmzdDKGEwwBEggwRIkHUdxpyai4Z+ov4V+FOZ60Mh3NQJpvNRE0AG7QCTw18qpdntLuOYV/PQ/lU/H4oIhaC0bwAWMcTlGpFZ3ZWPtZ8lqXzAZiFeFAmCWOgGvjUyf+kM0tpKqOmQ/wCHA+8f6Gq1w76VXdJ7ZdEUAtL7gCTGVuVTl/FlY/yRhMPh7TwIht4OYgkbzB3Hj61IbC5EbJofvMIAOhOtQr+wMWxlLFwRu+p/VFTcHsbFPmF606QhggKSx3agSCYJrlUJXZ1uaRSnAu7ZVZHaJhXBnuJ0J8akbRd8tu0UgqCzd7EwF5wOOu+pWEwpw7lmDmVjrIUjWZkjXdFHtpyURwpgltYJEaTrHMUradDVMiYHD3FdSUKjiTGqkRGh63dwiqzajKzllIiAonsETrU7B32dgtsMDImJgdrRwp3FbUctBdoIBgQAJ4SNfWiDaKkkynwgM/qK02zLaogLJDb9d+8xHLSoOz3T2qMdYMnNqAACSTNafD3sPc1TIx5KFB8hBqcs2EUkZvbDq8NooGhmBzIPDt8qjfsCuAVurBG/KdfEGrfpNaQWx1ARnWZL7teTVSoCAAG0Gm/TTv1iiLbjaBpWQ9qYYog6wPWA0nkeB7qghjzqw2heDALqOsDvBG4/dHOoy2xyns1174IPrWsW+PZEl30Kwt3IxfflBnhOaAI8TPhXReg14PZLAQM7CJndA/Kue4q/KZcqrqNFEbpPOt50AEYYfif+o1piVysyzfjRubB0pOLwqOAHEwZGpGvhRWDpT1dGzmKv/Brf3v4v7UKs6FTxj4VyZ5rLiYn86RcOo7j2TqKUFnmfGPhTVwQR3H4jfWRuOhhyA72HzoT3d0k/AUJ5R4AUGfvPjFIA1fT5CPjUbEHTs8PlT2eaYvnSqRJ6Qw79Rfwr8BSw9RbDdRfwr8BSletjAzf0kbUvYexauWLrIxvBDAUgqysdQQdQUEd5rCWem+OHvXVcfetr8RFa36VpOGsgbziUAA3nqvoO2sTsvorib09UWhuHty1vNI+qCsnviKzld9GsarssG6c4oggpb1ESM6nwIOlPbB2/iLt5USwbjsCAouZRA1JJbQARvNHa+jfGTq9gTxzufglXezPo4yOrXMS0qcw9kvs2DDcRcYtEdgB7aSTsbcTfbI2UUQNeYFzqVRmyL2ZjBfvgd1XCqOEeFV9m6VABLNAiSRJ7TAAmnhiR+hWpiSsgojbFMDELz9CKNrgJkMO3XyNABX7IiarW2ajwAoHGRpE91T3uPBGXNIO5l/tTeHuuoUOhnSSo05HQbqUoqSpoabXaISdFkAgsYJkhQEnvjfSU6G4Ma+wVjzYs39Rq5XEnjPlTgvTUrHGOkU5ye2Uh6JYTWMOgnQwsb+6omJ6F4Zt1srG4q7gju1rTh6BanxXgucvTCY/ogcuVL7+9Izqlzh7u4aduprK7Y2ZiMOsvYS4nG5bXd+JZkd+grreNWVld41jnHAVBdIPYR8//AM+tQ8MXouOaS2cPxmKRkBAAOcTE6iDuk0i1ekaV0zbvRK1fRnTJbugkkEdR+PWAHVP3gO+a5vcwwBIAUkEiUhgY5FdCO2s5R49M3jNSXQi97vj47j8q6F0DP/DL+J/6zXO7lh1EsDHaZrddEsclrDK1xwi5mUEmNSzED0NVjqzPL2jfWDT01m7PSSwfdvWj33E+E1Mt7WzbijfhafgTW1owplvNCqr/ABI/Y9T8qFFhR5/DTuB9aZff4cxzHKgRz1/XbQfu4fmKyOgetkH/AME/KjySYEkncIEk8gJJNbb6Pug4xatiL5ZbCtlRFOU3WHvdbeqjdpqTOojXrWy9lYewuWzZS2OOVRJ/E29j2kmqUWyHJLo4HguiuOu6phX73Hsx39cqD4TV7hfovxT/AOZdtWx2ZnbyCgfzV272S0RsCqUUZuTKm1hIUKTMADlupxcMBwqwOHojh6okiC2OVHlqSbBpJtGgBgJQy07kNDLQA1loZacihFADeWhlpyKKKAG8tAE8z605FDLQAkXG+0fOjF5uc+Ao8tDJQABiG5Dyo/2k/Z9TQ9nRFKACa6D9odx+dMXbUiA5Gkbo/mGvCny9MPcoAh38CrKVcSp3gk69+utU2N6P4eNAVPYxjyM1orqkpn5H0ql2jcgeE/yrUtJ7RSbWmc12/wBRyijq5UJneCS4iRpHUHCrXAmdm3R91h/PVLta7nd25ZF8je1q3wf/ALbe/C39dZpJNpGjbcU36Ym3ZETHE/GjKRxPmdKTb3STxbj2mjB5GpZaHxibnC4wHLNQpj2Z4fr0oUwoaRCdFUt4E+gk1ZbM2BfxF23aVcpc5QTEDiWiZ0AJ3cKJNqvlCogECOfoPnWy+jnHsly7cdQzhAEDSAFJOfL97Rd/CY41Sq6sl3V0dY2fgksWksWxCW0CL4Dee0mSe0mhGoqitdMbIIFxXQsqmQAyjMJAnQzryqdhds2HYhbqSoEgtBEiRv7KccsHpozlimtplmHINOFqircDaqwYdhB+FOo9aEDgY0oPSFNLAoAUHow9Jy0IoAXIoZBSKOgAzaFEcPRzRhqAGjh6QbJ5VKLUl3oAjezoezqVE+U1FZ9/YYoAKBRFqS79Unl+jUd7mlADr3KYa9TLPTd28q+8wHxPhQBJsPLgc5+R+NNtahiDwPpw9Kqr23EtkPGi/aIWZBEDynwqi2v0he8zZFzTA4qkCZ03mZjWk2kNJvRtH2lZRSCwOhmNQABrJ3DfWG2vthWLKgLn3YG4QxcifxFRoDpbP2qZSw763HkGeqB1d8xrpvPbU23hgv1f1+hUOa+FqHpjML0dv3GJdgiGJgSeqTBifvNvPHdVptkDDYFrakkO4tyYnUs7EwI1yEeNXGNYh7SyQGuAQNJAV2gxw6u6oHS+3ODdvs3EbzcL/vqYu2/0U+kv2VqbBsjAe3hvaCy1yczRIlh1SYjhVX0d2IMShZmysGK6KpGgBmNDx51qMAufZYWd+HdZ3xGcT6VUbHwtzDKQjowmTmDce6rfFbIuXwbfoQ8/5y/wMPTPQq6/xO//ANND2yfnQpf5HykFh9kom5POPzp3FnIjOsSBz5kAjTsJq/t7KY+8QPX5VE6TYNUwt1hJICbzzdBuHfXCoS2dalG6KbHOvUbIHBCkdZkMQNMw3j9acava+dmFy3lRVQLEwy5Z1GUaiOWtWeEwdu/hVR7hVpBSNShC5ZKzqDl9eG+qXH7NxFgE5w6QTIkwBvlW1HhNRjSTq+112bSk60Ne2ZCGzOpOoYTrOoPYdeFWWH6W4q37mIZwB7rqLnq4zDzpi3ZzIrB/qLodI0GlQ8TaC6MoEzBG70/OtlKn0ZtKS7Rq9n/STfH+ZYRxzQsjepYT5VoMD9I2GfR7V1DxICuo7zIPpXMMEocEXAZBgNENpvBI1NSBbVFbrSSIAIEwTrupvO06JeGLOw4XpZgn93EIv48yergA+Bq5s3VcSjK45qQw8xXmxMUB72h18uGvPhUzB43WUaGB5wR4jWtv7pLaMngj8Z6MC0eSuR7M23iQoNvFP3MwuDuh507qusL02xqmHtWnX7RzW2O+TC5hy5Ul/Kg99EP+PNaOgFaIis3hOnNthL2WXtUhx65TU+z0rwT/APPCHjnDLH7zCPWtY5YS0zN45R2i2FEVnTn8ONKw923cXNbdHXmrKw8wafW3vrQgjq0kmmMakDMOO/8AI1NS1Aqq6Q7Zs4Sy1y+2VZyqPrOx3Ko4nTwANACsPqDVHidqIgK6sVMabt+mvymsBtPpjevAi2rIhnVzlVdRlIX63HfFVuIx7sAXdm7F6i+Mamoc4x2XGEpaRtcZ0jAJAYafVTVp5E8PSqG/txiwCmDO4ddyeZ4CNd9Z9C7yFEKOWgjtPGp2CwotyTqd2nDx41jPPWjeOD0sUsqTL9Y/eMzQwtslzJKgGQI0OugBqGuNzdVBDSACeEzJjhEU5ev5GLiWZtNfdAHZXOpyb7N3CKXRdHGwNfMkelHbxwbrSDp4VmP2uT1p3jypnE3+t1JjgADPaQN/jW0VRjLs0eJxGa7Y7HY//W/zpfSBw2CviPqK3kUcfCsxhsTcDo5ghCxA4yVZdT47qsNq7UcYZ1YKFZAu4yJhd4NWpRUqIcW0Uuz9skYdLWfKqFuqAdQWZtSOw1Z2ts2zvJHfH5Go9trf7ILbWEzeyYK+mYMwJDe7Ihjz4VX4UYYIofOHCgMwLGTx3E/CqtP6KmvhoP8AEE+36H5UKov2TDcLxjtAn+mhSpitHZ6o+mSFsHeVQSYQwASdHQn0FXpFNsKkpHNMBYRrKMxYMAYKmIIZt0ce2n7ly4UZM6uCIhhrG7fp8K22J2ej+8g18D5jWqzEdH0Pukj1Fc8sbu9nRHLHRgMTjWUhHSQu6QV3Ae6SNRR37i3FlR1+Mk+7B05cq0mP6P3gpCjOOQ1nwMGe6ay1/DujEMpQ8mUiR3ESKq+tUxx307LC8UJ1gT39kn19KYJQA55gbmUz4EHh3dlV73HJnN5Dh2bxSFzHgSWkbpPpwH5VKx19NXJfUNfs8jUT3Goj2crA9o/U8al4qy6GV3DiDIPyphb06EEHh31urq1oybV0Wmy9olZBYqZ3iRPiOFWi7QZgQrTEgiQZ4ahp0qkwToyw0Ajcd08Ynz9KXdwKkyrlTz5frvrmnCPLvo2tj+HxBS4ymQCR2EGBGvlVmjk7mnsOoP5+E1Tpsy4xzhg24EgmZXSSOOonjT2RkMlcx7zPgpApuvjIkkTmxWR0g5XaYZTlIiIAPbPOtx0M6ZMtxMPiHLK5yo7GSrH3QzayCdNSYJHDdzDbMlMzCNGH9MeppzBXJRZEyony1raD4rkjnmk+j0njsallGuOwVVEk/ADmSdAK4x0v2i2Jve1f3VDLbQwQgiZ7WYgSewDcBULam37+JS3buuWW0Dl3gsYIzuZ6zhdJ7+JJLWMbMB+EnwyH5U8uRvROHGk+ypKF3EbjAE6LO4wI58qmps26zZAvVEdY6A8RE79/Cae2RaUoGOpB48O2rxccpgLrpv4aVy5Msk6SOyMFRCsYIWlIksdTO4DcPjUeSdO39RUq9jAzQDMA68NKr1YkzNTFN9y2OVaRKtWVVSRw38z+taqMTimYkERpoNT2nvNWYxCgQT+vzNScHgHuHqJ+82kTzPDuGtVFtPRnJKjPojF1WIkZjzymeHfz8q1eytgsRJGRT/Ew/Lxq12T0ft2TnIzud7tw/COFXBFdFXs53LwqxsWyBATxkye08zVbtXo4t1CmZlBIMwDuIMcNNK0uWh7OnSu6I5OqMfiejjMIDfl6RVRd6JON2vkfhXRxbovZUV4VyZyt+jV2d3oaOupexFCn36HJeFmBRFarbd5xubN2ET61JXG/bQjtGo/tQpJkuLQ8Uoezo7d9G91gfHXyNO06EM+yFE+GVhldQyngQGHkafijU0UBn8Z0OwzyQhtk8UaP5TK+QqixfQG+nWw91GYAwGBtsJBGhEidd+lb9XqQlwCpcUy1kkvpxm/0ZxdsTcQrrLGSynvZQR61XbSwIVcw94b8vu98EyPOu+5war8ZsPD3fftqSeIGVv4lg1LjJO0y1lT2jhdu3Yut9ZG5AgSezQ690UpsCQM1m4GHKQ3qN1dK2r9GFlyWs3Dbbkyh19II9e6sTtL6OsfY6yoLoE9a00n+Ew09wNPg39/4zRZI+lTgdotachhppI5ZgD+fpWkt4pHE8+UEfrsrEYpLqORcDq+kh1IbkJDCeFOYXEkkLEMeIJFRlwcu1svmXW3iitbAAytmnTdqsGN3pTPsyuogjlunx3elV2Iu3JViCcs66HQxvjup5cSYH5GRRxcYqiZRTLJLyHTrK2sAjQ90T+VTyZzAbwj/AAIqkVwRroYJ8QCa0Fi3LOeVlj5a/A1MpddijGmV+GxAVMu867tN4HHzpoYo9kcuccKhs+uUanXQb/KpOFwuY9aYEaA+NW4xXbGpNvokJiVBMncp0HOdBPhUb9odyFUSSQAFBJPYOe7lV9huj73joMiZR1o0MgyAvE7uXfwrWbK2JasDqLLHe7asfHh3DSnCK2RknTpFFsfoy0573OQg37vrNz7B2a1rLVoKAAAANwFOi3SwlaJJGDk2N5KXlpwLRxRQhsLR5aXFHFFANlaZxN0IuZvAcT2CjxWKVBzbgPSTyqnuFmOZtTwFTKSiVGLYVzE3GMgwOWo/899CjyUKx/sZrwRaZjwFFkmlFqQz+NDAJra8v130Fvuvuue46j+1IY86C01JrQcU9ktNoke8nivyqSmKRtzDx0+NQFUfrdROo41am/pLh4W0UIqqQOvusVHI7vL50+mLce8ob8OhqlJMhxZPBO+lpdI41Et45DxKnkwj1FSN+o1HYZqiSSmJp9cVUCaKmFE3FW7V1ct1EuJ9l1Vx5MCKzOO+jrAuwZEey0zNtjlOkQVeQB3RV0GNOLdNIFa0c72v9GeJUE4e8lzfowNtu4b18ZFYravR3FYfW9YuKBvcrmX+NSV9a76mINPriaFS0aLLL72ebcP1iAGjhwb+/rWqwzkZx/o3DP7u7vrp+0+juDv63MOmbfnQZGkccywT4zVI/Q2yGJW4+RlKlTlJgkTlaBGkjUHfWOWDlouOVHM9n2nuMbdpCzky0ctwzNuVZnU10HYvRtbag3Id+IHujz97x8q0OB2bbtLktoqLv03k82O9j2mpItiteKIc29EVUpxUp/LR5aozGAtLCU7loRQA3loZacNA0WAgioONxgXqrq3w/v2UnG476qeY/L51XoI7+fyqJS4lRi2DKZltWP686UE9adRKJxrWMnfbNlS6QwR2UdORQqKKsfd43CT5UQzHf5ClilKtXsgStvnvpxVAoExEUocRz9KaiKwEaTRIvGlKp4U57MCnQCAs/qKUUHE0YXlS4A306FY0yTpAjtFNi1l1DFT2GnmemzStrQVew0xbjeA3oafTHod8qe3dUbLG/U8qIrO/dTU39BxXwtEYESCCOwzQK1Tm3Gole0GnreIuDiGHI7/OrUkyHFloBRTUK3tJdxBB48RU1TpznjVEha0IpVCKAExQAo8tA0AJihFLpIFMAooopUUi9cCgk8KQBuwAk6CqbGY4vKpovH+/IdlJvX2utG5Rr3fM/rvcACiAP1z76iUqLjGyMiR+t9PLb4mlKlBqzfrNP0EaTFAniaIGRujskflSAGahTU0dIdH/2Q==', 7),
(5, '2 Seater Sofa', 'Neslon Fabric Peacock Blue Color 2 seat Sofa', 40000, '12 45 34', 1, 'https://ii1.pepperfry.com/media/catalog/product/n/e/494x544/nelson-two-seater-by-elizan-nelson-two-seater-by-elizan-ms69ut.jpg', 2),
(6, 'Armando Sofa', 'Armando fabric 2 Seater Ash Grey color Sofa', 25000, '12 34 23', 1, 'https://ii1.pepperfry.com/media/catalog/product/a/r/568x284/armando--2-seater-sofa-in-ash-grey--colour-armando--2-seater-sofa-in-ash-grey--colour-bwcshs.jpg', 4);

--
-- Constraints for dumped tables
--

--
-- Constraints for table `product`
--
ALTER TABLE `product`
  ADD CONSTRAINT `Category_id` FOREIGN KEY (`Category_Id`) REFERENCES `categories` (`CategoryId`) ON DELETE CASCADE ON UPDATE CASCADE;
COMMIT;

/*!40101 SET CHARACTER_SET_CLIENT=@OLD_CHARACTER_SET_CLIENT */;
/*!40101 SET CHARACTER_SET_RESULTS=@OLD_CHARACTER_SET_RESULTS */;
/*!40101 SET COLLATION_CONNECTION=@OLD_COLLATION_CONNECTION */;
